Id,Full Name,Email,Zip,Phone,Course ,Section ,HW 1,HW 2,HW 3,Course ,Section,HW 1,HW 2,HW 3
9,Alisa Lynch,smeagher9@hhs.gov,62908-8175,1507045398,Chem,1,53,46,24,PHYS,7,22,35,45
21,Alisha Murray,asilverstonel@about.me,86293,3852017301,Chem,1,9,33,28,PHYS,1,26,21,27
42,Alice Kiehn,ctattersall16@amazon.de,86213-9160,4651079903,Chem,1,92,20,99,PHYS,3,13,46,42
100,Anastasia Shields,dfanshawe2s@techcrunch.com,39381,1245720203,Chem,1,14,76,66,PHYS,3,66,12,41
146,Alyce Leuschke Jr.,lhumblestone42@ucoz.ru,59127-4070,5672573168,Chem,1,80,20,40,PHYS,5,88,31,41
225,Althea Leuschke,bcandlish69@comcast.net,99275,5188242875,Chem,1,40,32,7,PHYS,1,50,29,27
270,Alysa Hintz,apedroni7i@odnoklassniki.ru,75695-2105,2747801612,Chem,1,55,84,95,PHYS,1,13,16,98
312,Alisha Beier,mbenediktsson8o@nhs.uk,02039-6001,9958003600,Chem,1,71,4,77,PHYS,5,85,47,53
315,Anastacio Krajcik,tstowers8r@unesco.org,52570-0750,8949156456,Chem,1,36,86,6,PHYS,7,88,2,45
350,Alfonso Torp,ploftus9q@mapy.cz,69470-8633,6526624001,Chem,1,26,53,37,PHYS,6,27,96,18
352,Alexis Schulist,toxtarby9s@ft.com,33706,8721850538,Chem,1,32,98,36,PHYS,7,43,73,69
357,Alicia Harber,afernandes9x@marketwatch.com,95168-0089,8227926780,Chem,1,27,39,89,PHYS,1,83,88,74
428,Amiya Bogisich II,jgariochbw@newsvine.com,11892,7939218274,Chem,1,70,49,76,PHYS,4,49,90,92
449,Alfredo Trantow,odaldanch@yandex.ru,58822-9092,1893023565,Chem,1,52,78,71,PHYS,6,64,2,55
462,Alysson Okuneva,ponraetcu@joomla.org,68417,3318636528,Chem,1,13,37,66,PHYS,6,71,76,14
469,Anabel Littel,njimenezd1@blogger.com,15882,9062058566,Chem,1,18,100,70,PHYS,6,13,49,8
486,Alycia Berge,fkidbydi@twitter.com,50997,3098851985,Chem,1,57,48,75,PHYS,3,51,72,67
531,Ali Ledner,fkarpmaner@last.fm,76500-8694,6758666803,Chem,1,14,16,77,PHYS,3,70,3,39
646,Angela Jast Jr.,zbrickwoodhy@java.com,75345-1612,4557224936,Chem,1,48,51,74,PHYS,8,73,23,18
666,Amely Rohan,cannwylii@webs.com,77860,2554741695,Chem,1,55,80,61,PHYS,2,56,8,2
683,Amaya Mosciski,kvalerioiz@kickstarter.com,12785-8005,6731949798,Chem,1,23,57,16,PHYS,5,38,1,81
715,Alexys Stanton,wtrotterjv@163.com,75908-6114,2485721261,Chem,1,88,58,96,PHYS,8,67,63,18
719,Allene Zulauf,crosenthalerjz@buzzfeed.com,53028-8109,2474237601,Chem,1,5,15,95,PHYS,2,1,44,69
728,Alysa Bosco Sr.,ktannk8@sohu.com,95050-3262,3457483321,Chem,1,6,31,71,PHYS,5,76,63,28
747,Amie Pacocha,eloftuskr@zdnet.com,18591,4152623526,Chem,1,49,1,7,PHYS,3,49,66,59
808,Amara Gaylord,abartlesmg@addthis.com,13253-9630,3829440069,Chem,1,31,33,77,PHYS,1,10,93,94
828,Americo Mitchell,ksandcraftn0@businessweek.com,80831,6366913892,Chem,1,3,24,67,PHYS,5,47,87,69
871,Alivia Brown DDS,ewhottono7@nymag.com,82936-7002,1214453150,Chem,1,43,22,81,PHYS,3,11,98,13
913,Alexane Hermann,redisonpd@nature.com,88215,8035503021,Chem,1,1,32,6,PHYS,7,40,74,38
938,Amaya Denesik,scraxfordq2@cpanel.net,1529,5505925647,Chem,1,43,65,86,PHYS,7,47,58,11
942,Andre Will,cloachheadq6@skyrock.com,53542-6649,7747714736,Chem,1,56,47,40,PHYS,2,40,28,11
0,Lenna Jewess Sr.,ncankett0@blogger.com,10439,2299506854,CS,6,11,66,25,PHYS,6,93,78,99
2,Rosie Bruen,dpownall2@ihg.com,30865,7994282824,CS,17,15,3,8,Data,3,5,40,71
3,Lorenzo Dickens,dkmicicki3@tinypic.com,81810,8963281882,CS,8,2,98,25,Econ,2,71,3,60
4,Marjorie Dickinson,rguerin4@msu.edu,15478,5761414752,CS,10,88,72,66,Econ,5,87,36,52
5,Keon Fadel,bkellaway5@bandcamp.com,40079-3416,1983885794,CS,5,8,69,40,PHYS,2,86,37,93
6,Penelope Ziemann,rwither6@skyrock.com,70972,4903891156,CS,16,28,38,63,Data,8,78,4,78
7,Maximilian Ruecker,dlaughlan7@senate.gov,63128-5638,3736806826,CS,11,11,94,7,Data,3,96,19,35
10,Samanta Collier,abasellia@bbb.org,55592,7993688907,CS,17,77,28,56,Data,1,95,40,37
11,Tyree Pacocha,lfranklenb@biglobe.ne.jp,80936,1938713024,CS,19,24,59,50,CSE,1,7,79,68
13,Ima Hilll,riacovoned@desdev.cn,68442-0715,8096229224,CS,1,45,6,66,Cap,3,95,81,71
14,Miss Ellsworth Goyette,aschabene@timesonline.co.uk,28828,5401056300,CS,12,19,100,87,Data,1,76,87,49
16,Pasquale Ritchie,emilmoreg@va.gov,35221,6892755465,CS,16,50,57,29,Data,4,1,61,38
17,Nicolas Kunde,kgogginsh@ning.com,01304-7342,7725602202,CS,15,78,71,12,Data,6,1,45,17
18,Jaunita Zemlak,wmclleesei@yellowpages.com,18954-2132,7301972665,CS,2,81,3,99,Cap,4,13,48,51
19,Jaunita Paucek,hstiegerj@engadget.com,94173,6928175093,CS,2,92,74,39,Cap,2,36,95,72
20,Luisa Keebler,gmilwardk@yahoo.co.jp,15620,4026102639,CS,8,57,71,63,Econ,3,83,83,97
22,Karli Streich DDS,mrowberrym@google.ca,89882,7219545979,CS,5,68,27,15,PHYS,6,55,89,25
23,Miss Stanton Hyatt,selpheen@google.pl,36093-8332,3254434862,CS,13,57,67,18,Data,8,1,2,77
24,Isobel Hudson,rhatto@geocities.com,31494,4118791845,CS,1,83,100,11,Cap,3,93,20,93
25,Shaun Marvin,kwilprechtp@ed.gov,87801,8248844006,CS,18,30,42,59,Data,6,7,42,88
27,Justina Schuster,mapplegater@latimes.com,94175-2357,5764153872,CS,4,84,39,52,PHYS,5,36,83,77
30,Manuela Blick,aduguidu@flavors.me,57791,3971228539,CS,9,56,28,55,Econ,1,41,67,45
32,Reina McLaughlin Jr.,lglastonburyw@slate.com,55727,2222860116,CS,17,32,74,39,Data,6,11,5,47
33,Miss Gennaro Torphy,jmcneicex@vinaora.com,59757,8236514298,CS,12,43,78,32,Data,5,37,6,60
36,Kaleb Carter MD,efowell10@tiny.cc,7897,1302957415,CS,4,81,26,95,PHYS,3,11,23,36
37,Reva Hirthe,kheigho11@google.es,88043,1933349133,CS,17,96,62,94,Data,6,35,38,26
38,Jennie Haag,eshutt12@360.cn,88125,8728869936,CS,2,4,32,9,Cap,2,21,95,29
40,Mikayla Senger,hheare14@trellian.com,16413-9005,9998992020,CS,11,40,16,63,Data,5,12,88,81
43,Janis Leffler,rowain17@npr.org,50441,1936566044,CS,1,73,14,35,Cap,3,23,92,35
44,Maverick Rempel,mclift18@seesaa.net,26366,1968355972,CS,10,84,15,77,Data,7,2,81,25
45,Myrtice Armstrong,tslaght19@uiuc.edu,95792,1823054503,CS,15,59,34,43,Data,9,89,39,7
46,Roy Boehm,dclardge1a@youtube.com,53285-2917,3442466276,CS,17,6,75,57,Data,3,50,5,57
47,Jackie Considine,ydonwell1b@reuters.com,09826-3107,7377371515,CS,1,33,65,31,Cap,4,56,19,23
49,Kristofer Gusikowski,bosherin1d@naver.com,85675,7353272986,CS,6,34,43,56,PHYS,2,45,100,57
50,Letitia Graham,hgeratt1e@linkedin.com,28928-6325,6673176141,CS,7,92,36,17,PHYS,4,1,47,80
53,Skye Graham,dstone1h@mashable.com,41873-3185,8296562358,CS,18,78,80,52,Data,4,91,66,80
54,Thora Predovic Sr.,kcunio1i@themeforest.net,45739-4006,1404427899,CS,19,79,3,11,CSE,1,65,87,72
57,Suzanne Botsford,ulicciardo1l@pcworld.com,74295,9329543320,CS,18,13,40,31,Data,9,59,42,29
58,Mr. Hallie Crooks,alegging1m@wunderground.com,93843-8573,9015584978,CS,13,1,86,99,Data,1,89,100,70
60,Vilma Sauer,lvittori1o@vimeo.com,77897,1886491365,CS,19,18,96,42,CSE,1,30,62,85
61,Mrs. Marlee Ward,abeswick1p@fc2.com,61275,9987860142,CS,14,20,78,98,Data,1,30,12,15
62,Theresa Glover,nsommersett1q@oakley.com,88925-8323,9212714963,CS,19,78,81,19,CSE,1,75,56,71
63,Meredith Kuhlman DVM,mswanton1r@buzzfeed.com,61071-9930,9837771786,CS,11,93,34,89,Data,7,67,5,57
65,Santino Altenwerth,tfritschmann1t@flickr.com,31671-2032,1721865840,CS,18,74,56,28,Data,9,9,67,42
67,Kiley Nienow PhD,nhaversham1v@si.edu,69217-9719,7972195124,CS,6,55,4,5,PHYS,6,72,41,29
68,Joe Kirlin DDS,kbartles1w@hc360.com,09818-8165,5541738975,CS,3,95,82,21,Cap,2,63,48,12
69,Malvina DuBuque,hrolland1x@un.org,94955,5749240295,CS,9,13,38,40,Econ,3,2,34,31
73,Mrs. Chasity Schamberger,mdacke21@godaddy.com,57181-6438,3805502995,CS,14,50,95,53,Data,7,33,43,87
74,Lucius Lakin,irutledge22@smugmug.com,49654,3403273193,CS,8,52,48,44,Econ,4,66,35,41
76,Mariane Reilly,lcoplestone24@arstechnica.com,14357,1094533896,CS,10,74,12,60,Econ,4,13,67,36
77,Tara Baumbach,bsperwell25@1688.com,15806-3740,8574550346,CS,18,24,48,88,Data,2,65,15,38
78,Wilfred Moen,rlummis26@sitemeter.com,88578-9197,7726314772,CS,19,29,26,55,CSE,1,22,19,1
80,Jodie Brekke Sr.,lmccrie28@epa.gov,57003-0450,5974899721,CS,3,61,35,26,Cap,3,39,49,40
83,Kristopher O'Connell,jheintsch2b@goo.gl,79231,9367731514,CS,6,16,83,36,PHYS,4,53,93,22
85,Zackary Johnson,bswire2d@51.la,37912-9667,1176394426,CS,19,71,22,86,CSE,1,32,81,15
86,Max Bashirian,ljays2e@mayoclinic.com,81571,2427782086,CS,11,90,27,45,Data,6,19,13,26
87,Marietta Runolfsson,gfarlam2f@imgur.com,11118-9165,7324827357,CS,10,10,87,43,Econ,3,31,63,78
88,Ms. Devante Frami,tmacvagh2g@free.fr,31126,5354909300,CS,15,53,42,40,Data,9,93,91,52
92,Kali Mills,mouterbridge2k@nyu.edu,45468,2633829126,CS,4,94,85,84,PHYS,6,41,83,26
93,Shaun Glover,jgrishukov2l@multiply.com,80395-1203,8505979086,CS,18,80,76,50,Data,5,54,55,1
96,Mariana Stokes,ptoping2o@globo.com,19410-4218,5643982379,CS,9,50,87,21,Econ,5,83,72,66
99,Tommie Mosciski,kcroan2r@yelp.com,72207-9827,8504605906,CS,19,49,84,17,CSE,1,8,17,86
102,Jailyn Green,agraeser2u@yandex.ru,3646,1692759843,CS,1,7,53,4,Cap,1,20,39,67
103,Yessenia Crona,msopp2v@ebay.com,02211-3354,8914259323,CS,19,91,35,89,CSE,1,23,19,48
104,Serena Stiedemann,dmelhuish2w@sogou.com,50940-6405,6779907478,CS,18,61,16,80,Data,3,47,62,3
105,Ressie Boyer,ahubane2x@studiopress.com,89601,3834077162,CS,17,94,66,75,Data,1,85,92,59
106,Zackery Reynolds,jdunderdale2y@illinois.edu,30638-6244,9699383013,CS,19,55,21,71,CSE,1,12,17,31
109,Robb Christiansen,kjinks31@tinyurl.com,45446-6852,9712596261,CS,17,71,66,80,Data,6,44,74,55
110,Joaquin Turner,cvanetti32@squidoo.com,01027-5903,1241467821,CS,3,5,97,7,Cap,1,1,90,89
112,Lucy Oberbrunner,gquirke34@usgs.gov,17367-3294,7565263818,CS,8,86,56,78,Econ,3,35,85,22
114,Trudie Runte,ldigby36@exblog.jp,31636-4169,7762439969,CS,19,59,88,1,CSE,1,98,47,41
116,Lambert Russel,dbrooksbank38@hatena.ne.jp,62303-7005,5751743838,CS,6,75,27,47,PHYS,3,40,23,75
119,Xavier Greenfelder V,djeakins3b@yandex.ru,51098,4493498556,CS,19,45,55,30,CSE,1,56,57,22
120,Mr. Elta Hammes,vambrozewicz3c@thetimes.co.uk,50411-4123,7679560247,CS,13,25,65,10,Data,9,50,100,42
121,Lucas Reinger,ujuanico3d@ed.gov,91402,4844068684,CS,8,80,77,66,Econ,6,7,43,89
123,Shyanne Heller,msalzen3f@csmonitor.com,50268,8038803503,CS,18,72,76,99,Data,7,87,66,8
125,Lorena Anderson,aharrison3h@fda.gov,24995-2063,4928605971,CS,7,10,19,28,Econ,1,80,81,10
126,Marlene Schulist,hgurdon3i@imgur.com,37614-5861,8899555991,CS,10,13,80,73,Econ,3,42,65,33
128,Tobin Balistreri,alandells3k@spiegel.de,49898,3043629905,CS,19,59,51,80,CSE,1,78,88,20
129,Maudie Murphy,lharler3l@ucsd.edu,95241,2096615282,CS,10,97,91,39,Data,6,2,79,33
130,Toy Hayes,drostron3m@engadget.com,27948-5882,6937306537,CS,19,36,21,48,CSE,1,35,21,37
131,Khalil Kovacek,smahaddy3n@friendfeed.com,74648,5102956315,CS,5,99,54,52,PHYS,7,32,58,88
133,Noble Dooley,dburberow3p@ftc.gov,45323-1744,4716964683,CS,16,68,21,78,Data,3,82,76,98
135,Sammy Braun,ymacgowing3r@unc.edu,13179-6511,5007738388,CS,17,76,43,52,Data,9,33,19,71
137,Rubie Runolfsson,hspurryer3t@hexun.com,76028-1929,8163587693,CS,17,97,65,3,Data,5,56,27,18
139,Mr. Mable Prosacco,gpetto3v@sphinn.com,75810,3368286915,CS,13,56,84,51,Data,5,74,19,41
141,Mrs. Reba Heller,avizard3x@nasa.gov,70022,6723670620,CS,14,74,4,53,Data,1,36,28,81
142,Louisa Gislason,mraiman3y@sciencedaily.com,87863-7177,9046950677,CS,8,31,45,74,Econ,5,79,37,22
143,Jalen Orn,lbessett3z@omniture.com,76440-8318,5054368549,CS,1,83,77,95,Cap,2,98,54,20
148,Miss Ardith Jerde,tbellringer44@forbes.com,93265,4302913419,CS,12,86,41,37,Data,9,34,1,59
149,Marianna Cummings,lvillalta45@fema.gov,23276-9722,8184900568,CS,10,31,74,2,Econ,5,94,100,100
150,Ryan Schuster,dyockley46@usatoday.com,93267-7710,9364817680,CS,17,4,24,6,Data,4,62,47,38
151,Mr. Yvette Gislason,cnand47@xing.com,54886-9577,8349292703,CS,14,55,14,25,Data,2,63,5,75
152,Mohammed Von,ppurnell48@pbs.org,82406,3895685166,CS,13,77,19,20,Data,7,79,16,50
153,Vivien Will,cvanderkrui49@usda.gov,37415,2439011040,CS,19,70,92,28,CSE,1,97,21,43
154,Nadia Renner,vbeagan4a@toplist.cz,01588-8444,6312171601,CS,15,36,52,58,Data,9,60,25,21
155,Mrs. Albertha Kautzer,msemaine4b@a8.net,46915-4503,4661727408,CS,14,70,59,30,Data,7,41,13,79
157,Mossie Considine,dlovelady4d@ibm.com,15390-1142,6653031846,CS,13,68,34,23,Data,3,94,16,98
158,Lavina Goodwin,gniesel4e@ebay.com,24827-6741,9394699891,CS,6,97,63,91,PHYS,4,6,90,98
159,Stefanie Haley,bgirault4f@techcrunch.com,24752,4905138789,CS,18,66,81,20,Data,1,41,73,73
160,Markus Turcotte DDS,ywhitfeld4g@icio.us,98286-5331,2949385257,CS,10,43,39,5,Econ,6,92,63,87
162,Loyce Torphy,cormonde4i@friendfeed.com,53630,9921585593,CS,8,58,14,83,Econ,1,9,60,40
163,Jeremie Watsica,rturbefield4j@gravatar.com,44769,9282338129,CS,3,33,19,38,Cap,4,86,60,98
166,Kenyon Rohan,lclemmett4m@trellian.com,56789,7232952623,CS,5,54,3,47,PHYS,5,64,25,60
169,Napoleon Fay,dpaskins4p@seattletimes.com,44910-2779,8066765997,CS,15,41,32,94,Data,3,98,20,82
170,Melvin D'Amore,dllopis4q@geocities.com,62924-8824,5322988722,CS,11,31,5,18,Data,3,24,38,26
171,Miss Brain Altenwerth,bsaunder4r@chronoengine.com,79355-8627,7271370727,CS,12,56,20,66,Data,2,55,74,18
172,Marcel Kihn,rzimmer4s@berkeley.edu,11595-8564,5412155700,CS,9,69,52,68,Econ,5,4,68,43
173,Ms. Katlynn Mills,fbaseley4t@yelp.com,50669-6442,9567631546,CS,15,45,2,82,Data,4,39,72,40
174,Olin Connelly,sshark4u@twitpic.com,74672,2538322913,CS,16,38,48,62,Data,9,8,56,95
176,Kevin Mante,jswansborough4w@army.mil,71001,9415365641,CS,5,65,37,66,PHYS,4,28,32,45
177,Jerrold Schiller,ghampton4x@google.es,68769-6455,8571860599,CS,3,34,54,17,Cap,2,61,85,29
178,Juanita Wilderman,arohan4y@kickstarter.com,76859,6259941337,CS,4,57,86,71,PHYS,1,54,19,99
181,Vernice Langworth,nhaylett51@blinklist.com,74130-9899,3476574518,CS,19,29,99,47,CSE,1,98,16,51
183,Pink Haag,gdefew53@360.cn,85181-0608,6699345334,CS,16,45,64,15,Data,4,48,41,94
185,Miss Daren Kessler,rondra55@mysql.com,62697-3078,9237742228,CS,12,79,98,96,Data,8,14,95,17
186,Junior Heathcote,elorain56@pinterest.com,60485,9651616063,CS,4,58,35,25,PHYS,3,19,71,19
187,Mohammed White,mceci57@linkedin.com,65023,9143590296,CS,13,95,66,48,Data,6,32,52,77
189,Lionel Daniel,rsandys59@lulu.com,49091-8510,4677875952,CS,7,94,9,14,PHYS,7,22,79,93
190,Mr. Catharine Johns,hledson5a@webnode.com,69052,7242518981,CS,13,85,28,37,Data,5,83,93,2
191,Lucile Gislason,dfriel5b@go.com,43547-9063,6463716796,CS,8,61,65,52,Econ,2,88,16,20
192,Ms. Malinda Greenfelder,ajerdein5c@devhub.com,36250,9286531541,CS,15,16,38,8,Data,1,96,35,21
193,Reyes Cormier,mpeaseman5d@netvibes.com,56444-3997,2032758990,CS,17,63,69,13,Data,7,55,98,37
194,Miss Zechariah Kulas,dledbury5e@list-manage.com,14004-7816,7523299214,CS,13,99,38,38,Data,3,16,86,65
195,Mrs. Leonard Bosco,aalthrope5f@google.it,07254-5563,7758421807,CS,14,35,4,88,Data,1,27,92,12
196,Nina Hilll,hmorcomb5g@bizjournals.com,69907,8609137362,CS,16,22,14,57,Data,5,57,91,75
197,Maritza Schaefer,whoneywood5h@state.tx.us,33702,8902480260,CS,10,58,46,1,Econ,6,29,56,13
198,Marlin Pfannerstill,mcapron5i@1und1.de,48756,1458877247,CS,10,49,48,1,Econ,5,52,2,7
199,Lulu Jakubowski,caldridge5j@canalblog.com,80053-5817,3227326136,CS,8,76,1,87,Econ,1,55,43,80
200,Skye Robel Jr.,dhorbart5k@histats.com,23892-5431,7675010360,CS,18,34,1,89,Data,3,64,24,55
201,Mr. Tiana Glover,kmacmenamy5l@google.com.au,09102-5690,6225337150,CS,14,1,43,83,Data,6,49,84,1
202,Leonor Davis,lsergean5m@twitpic.com,25281,4735427411,CS,7,78,73,60,PHYS,5,10,12,98
204,Sterling Volkman Sr.,lgeraudy5o@mapy.cz,81897-0952,6724975421,CS,18,58,27,2,Data,6,80,75,15
205,Kylie Fay,athirst5p@aol.com,96223,1973800908,CS,6,46,65,92,PHYS,1,43,43,7
209,Robb Hegmann,sscole5t@loc.gov,96286,6284456171,CS,17,83,30,67,Data,9,31,67,30
211,Victoria Toy II,rlimer5v@nifty.com,53709,3225122861,CS,19,75,90,26,CSE,1,70,14,83
212,Lysanne Ullrich,jhinckley5w@microsoft.com,76302,9702158794,CS,8,87,28,23,Econ,4,10,56,41
213,Loma Becker PhD,mskittle5x@angelfire.com,81674-3113,3717226857,CS,7,67,69,3,Econ,5,48,15,95
214,Karson Bashirian MD,hmccracken5y@reverbnation.com,98500-2547,1487874874,CS,5,54,51,71,PHYS,4,62,55,39
215,Rose Veum,rickowics5z@globo.com,06489-5351,7703407913,CS,17,9,67,24,Data,8,39,63,3
216,Miss Lora Will,jduckitt60@macromedia.com,36748-4015,3852723836,CS,12,81,62,100,Data,5,10,8,99
217,Mrs. Joanny Legros,cwalkley61@senate.gov,62930,2473811160,CS,14,83,51,14,Data,3,9,9,95
218,Josefina Frami,lberan62@engadget.com,47563,2074620632,CS,4,3,44,27,PHYS,5,34,78,35
222,Luisa Turcotte,bblitz66@redcross.org,95142,7575746070,CS,8,39,83,54,Econ,1,92,77,74
223,Jace Swift,mwebbbowen67@nasa.gov,14705-0866,1739752641,CS,1,93,83,20,Cap,3,71,51,76
224,Rae Feil,ccannell68@imageshack.us,40935,1588062443,CS,17,100,73,8,Data,2,2,7,57
226,Joanny Stracke,nort6a@bbb.org,70290,1914982922,CS,3,87,84,23,Cap,3,85,46,36
227,Kailyn Kassulke V,mwathall6b@people.com.cn,40571-6369,3975105666,CS,4,43,88,46,PHYS,6,83,31,93
228,Ms. Raoul Lang,bsavidge6c@vinaora.com,65771,2466899707,CS,15,27,11,40,Data,2,12,48,54
229,Vella Ernser,etebboth6d@blogger.com,58216,4547185091,CS,19,40,77,14,CSE,1,41,41,13
230,Ms. Lori Luettgen,rgreenhill6e@goodreads.com,89933-8979,7718304270,CS,15,99,9,52,Data,7,87,75,76
231,Lucienne Dicki MD,jclubb6f@google.pl,6067,9521838916,CS,8,99,6,68,Econ,4,5,22,71
234,Jared Kunde,erooms6i@nhs.uk,67052,7798511396,CS,1,81,84,86,Cap,2,40,8,16
235,Isabel Nader,mmacmearty6j@yolasite.com,36812-5556,1962198158,CS,1,16,85,13,Cap,3,84,94,13
236,Patsy Beer,hcatt6k@wikispaces.com,58750-0402,2033001056,CS,16,13,97,98,Data,5,13,93,52
238,Rosendo Friesen,gsazio6m@tripadvisor.com,13509-9126,8817991287,CS,17,23,3,58,Data,5,4,80,77
240,Miss Nikki Kassulke,bmerrell6o@disqus.com,77072-6138,7837785888,CS,12,93,97,87,Data,1,49,37,3
241,Savannah Maggio,cwolver6p@drupal.org,43694-7234,3375574921,CS,18,46,32,15,Data,3,9,24,51
242,Lucinda Jakubowski,eabthorpe6q@dedecms.com,92322,3246739125,CS,8,72,83,49,Econ,2,23,10,51
243,Wilfred Runolfsson,nlapthorn6r@uol.com.br,57661,3451666217,CS,19,37,76,89,CSE,1,52,2,47
244,Wilma Legros,leatherton6s@4shared.com,38718,7105441171,CS,19,57,20,16,CSE,1,30,14,23
246,Julie Rice,sbiddlestone6u@paypal.com,07426-7438,7146304182,CS,4,52,39,36,PHYS,7,88,87,68
248,Nettie Schowalter,srooze6w@feedburner.com,89198,2499327254,CS,15,60,81,12,Data,9,91,82,63
252,Mr. Shanny Haag,jdoll70@dedecms.com,35593-1901,3913166113,CS,13,35,21,22,Data,5,100,49,91
253,Newton Ankunding,vcaudwell71@examiner.com,46540,7429084909,CS,15,81,50,45,Data,9,97,92,33
254,Loyal Schamberger,ygrigoire72@bandcamp.com,34836,8916369391,CS,8,84,74,67,Econ,6,84,61,51
255,Simone Mayert,glicas73@ycombinator.com,90413,7455474726,CS,18,82,57,36,Data,4,33,36,37
256,Roger Roob,djebb74@flavors.me,72222-7768,6625501156,CS,17,51,87,58,Data,3,17,30,95
257,Logan Wolf,mabad75@umich.edu,84194-3426,5511094114,CS,7,18,36,81,Econ,5,84,42,67
260,Isaiah Lakin,jhannaby78@jalbum.net,99943,3822251786,CS,1,82,22,41,Cap,2,82,34,81
261,Miss Giovani Fisher,bbenjafield79@hao123.com,80029,4326844400,CS,12,18,51,15,Data,1,23,47,68
263,Muriel Orn Jr.,ldavage7b@nba.com,19960,1095023253,CS,15,61,83,43,Data,6,39,92,58
264,Pinkie Wilkinson,hdunstall7c@sourceforge.net,37770-9866,4366217650,CS,16,20,78,98,Data,5,31,96,99
265,Lenny Mante,kkendall7d@home.pl,26202-9287,6117235201,CS,6,16,48,32,PHYS,4,4,77,18
267,Mr. Jaylin Kautzer,stwydell7f@i2i.jp,62149-1685,5394925840,CS,13,51,44,75,Data,9,95,96,75
269,Pearlie Connelly,rboswell7h@cisco.com,88163-4037,1048213834,CS,16,79,37,35,Data,7,93,70,56
271,Michaela Frami,kcamillo7j@about.com,31984-5244,4491122827,CS,11,87,88,79,Data,6,16,64,95
272,Johnny Breitenberg I,mrottery7k@mozilla.com,68440-2889,1433886781,CS,3,76,34,7,Cap,3,3,71,69
273,Ms. Adah Bode,dtullis7l@scribd.com,97121-9061,7417043584,CS,15,40,59,42,Data,4,73,84,78
275,Lysanne Frami,cterney7n@indiegogo.com,14747-8062,7527897424,CS,8,96,94,76,Econ,2,82,74,60
276,Jonathon Huel,rwitherdon7o@zdnet.com,12801-4943,4525186794,CS,3,49,40,96,PHYS,7,99,93,11
277,Reva Bayer,briddel7p@usgs.gov,50310-1841,8047713342,CS,17,3,5,63,Data,1,61,31,82
279,Ms. Raina Schmidt,abumfrey7r@apache.org,50931,5425348934,CS,15,67,78,4,Data,1,26,48,45
280,Marco Larson,conowlan7s@springer.com,11922-1027,8573071401,CS,9,5,18,64,Econ,1,79,92,28
281,Mr. Kelton Kertzmann,mmalins7t@e-recht24.de,31099,6608652249,CS,13,86,14,48,Data,7,2,96,83
285,Nicolas Cummerata,bgracewood7x@dion.ne.jp,60220-5341,4222302111,CS,15,43,93,42,Data,1,2,11,80
287,Mrs. Joannie Dibbert,epeirpoint7z@tinypic.com,29618-9709,4373709280,CS,14,29,6,91,Data,4,77,87,32
290,Mallie Eichmann,djandera82@odnoklassniki.ru,23993,6227287672,CS,9,38,3,4,Econ,2,78,12,64
291,Mr. Keyshawn Cassin,mcolhoun83@wikipedia.org,83251,9872124559,CS,13,55,25,26,Data,7,51,31,60
293,Miss Yolanda Pfannerstill,bdepper85@myspace.com,50398-6118,6057110393,CS,13,83,71,85,Data,1,64,58,4
298,Jensen McDermott,ewassell8a@artisteer.com,43306,1711549778,CS,2,74,65,92,Cap,2,14,99,2
299,Ursula Fadel,vhatterslay8b@oaic.gov.au,90605,5641077462,CS,19,54,15,39,CSE,1,93,54,48
301,Madeline Renner,rputtick8d@so-net.ne.jp,36579,5917708018,CS,9,42,68,30,Econ,5,67,92,42
303,Mac Bailey,ajouhandeau8f@intel.com,94767-0606,3595611595,CS,8,71,25,77,Econ,1,7,8,92
304,Jakob Kuvalis,shabble8g@bbc.co.uk,99276,1466758804,CS,1,25,23,67,Cap,4,15,11,68
306,Yadira Schinner,ddemanuele8i@edublogs.org,71757-5164,7561633471,CS,19,66,98,35,CSE,1,49,35,73
307,Roxanne Fritsch,nheighton8j@dyndns.org,85760,5864409152,CS,17,2,82,43,Data,7,9,6,88
308,Nicolas O'Reilly,mronca8k@bandcamp.com,30034,3248809033,CS,15,25,73,58,Data,7,47,62,80
309,Lisette Connelly,mkirtlan8l@cnn.com,55986,2153181854,CS,7,2,23,36,Econ,5,45,10,7
310,Orrin Herman IV,ldabourne8m@alibaba.com,09179-3072,7041485823,CS,16,60,71,22,Data,6,97,75,35
311,Jewel Cole,edorsay8n@quantcast.com,70123,3949669069,CS,3,49,40,96,Cap,1,51,87,57
313,Mariam Mills,kvasiliev8p@tiny.cc,63298,6348114133,CS,9,76,81,31,Econ,4,20,66,56
316,Jasen Hand,llowater8s@ucoz.ru,00330-5394,2181906012,CS,2,95,28,97,Cap,3,42,98,1
317,Irwin Kreiger,jcleft8t@illinois.edu,90554,3663619460,CS,1,43,92,20,Cap,2,40,61,39
320,Thurman Kessler,smcquarter8w@bizjournals.com,71855,8266342410,CS,19,88,76,43,CSE,1,97,91,29
321,Tobin Schinner PhD,ahylden8x@mlb.com,01820-6951,8628781391,CS,19,100,88,93,CSE,1,29,67,46
323,Karen Ritchie,knapolitano8z@blinklist.com,11583,4112030604,CS,4,100,84,61,PHYS,4,36,5,63
324,Robert Krajcik,rwhilde90@uiuc.edu,77043,8742787356,CS,17,41,55,100,Data,8,57,56,81
325,Sophia Graham,fbraddock91@senate.gov,35131-8038,3997995256,CS,18,52,70,53,Data,4,40,22,58
328,Judson Lubowitz,zsell94@businessweek.com,84181,6931764598,CS,4,90,59,62,PHYS,8,5,71,83
332,Kelly Harber,ehedau98@bravesites.com,37995-5594,9049089503,CS,5,14,61,2,PHYS,3,16,62,67
334,Mr. Elliott Gibson,plavigne9a@purevolume.com,83321-7108,2809940058,CS,13,68,76,5,Data,7,9,86,29
336,Johnnie Little,btrenoweth9c@dailymail.co.uk,89869-0896,7388943623,CS,3,23,44,65,Cap,1,27,89,9
337,Stephany Weissnat,phargrove9d@squarespace.com,72373-6303,5126105847,CS,18,29,91,61,Data,7,1,8,46
339,Kiley Howe,frounsefull9f@webeden.co.uk,48492,6035727543,CS,6,65,7,40,PHYS,3,64,78,60
340,Mariana Nicolas Jr.,jtenniswood9g@github.io,98870-0429,3402751428,CS,9,89,31,66,Econ,4,45,2,89
341,Mr. Therese Sauer,apherps9h@prlog.org,59489,9007215536,CS,14,22,62,63,Data,1,8,100,20
342,Pedro Fadel,rminor9i@myspace.com,00574-6604,2074521789,CS,16,40,3,37,Data,8,43,12,91
344,Mafalda Cremin,mryott9k@symantec.com,71047,3818459178,CS,9,76,70,49,Econ,5,91,97,82
345,Mrs. Vesta Aufderhar,fscattergood9l@yolasite.com,56041-9726,1633676967,CS,14,13,29,71,Data,4,9,3,55
346,Kari Kunze,fgouth9m@cbsnews.com,14681-2837,5766377616,CS,4,87,80,82,PHYS,3,18,54,13
347,Otis Kirlin,nyeulet9n@marketwatch.com,31013,8942468432,CS,16,69,10,16,Data,7,1,49,65
348,Miss Tianna Beatty,apursehouse9o@telegraph.co.uk,82213,6787335758,CS,13,12,42,76,Data,1,83,63,23
353,Laurel Bogan,nduffield9t@cbc.ca,36340,6491505606,CS,6,4,4,62,PHYS,6,80,24,60
355,Lane Hilpert,sfearenside9v@so-net.ne.jp,20941-2081,6384088210,CS,6,32,78,29,PHYS,7,66,59,17
356,Mertie Nicolas,rcarrett9w@bbb.org,76936-2711,8012273265,CS,11,68,67,100,Data,7,50,37,99
358,Karley Abbott Sr.,cleas9y@nationalgeographic.com,64489,9493739775,CS,5,38,42,63,PHYS,2,25,61,45
359,Tremaine Turcotte III,mbudgett9z@wix.com,43919-7187,2763080312,CS,19,20,71,48,CSE,1,35,58,32
360,Maci Runolfsson,gstermana0@apache.org,66656,6357040209,CS,8,88,30,5,Econ,3,3,89,89
361,Miss Aurore Jacobi,awhitteta1@ow.ly,31738-8141,7172442077,CS,12,38,3,36,Data,1,40,1,18
362,Ms. Reuben Donnelly,ehyndea2@google.de,89815-6643,1566790236,CS,15,77,2,57,Data,4,86,39,59
363,Oren Simonis MD,sguilaema3@bizjournals.com,63532-6916,5432544725,CS,16,61,32,66,Data,8,16,24,4
365,Miss Isabell Corwin,cjozaitisa5@intel.com,92172-1202,5917605405,CS,12,23,80,92,Data,2,60,26,76
367,Misty Jenkins,gmussillia7@cdbaby.com,33202-6532,6811937505,CS,13,33,81,31,Data,5,94,26,49
368,Priscilla White,thugonneta8@army.mil,67231,9306737427,CS,17,90,46,13,Data,9,10,17,45
370,Jules Oberbrunner,gflannaa@unblog.fr,06206-4936,8781629198,CS,4,45,90,80,PHYS,3,98,90,80
371,King Lebsack,mpeinkeab@illinois.edu,73798-7504,5057839967,CS,6,41,23,23,PHYS,6,71,26,49
372,Naomie Sporer,bboigac@tripod.com,88943,7287859520,CS,15,87,66,99,Data,1,3,21,14
380,Vladimir Reichert,bpetruszkaak@studiopress.com,74168,4456320903,CS,19,67,99,65,CSE,1,37,6,41
382,Milford Koepp,cthirlwallam@abc.net.au,27143,6098525739,CS,11,11,28,37,Data,2,40,5,89
384,Trent Schamberger,vgrundyao@google.com.hk,98366-0250,9439374882,CS,19,40,43,52,CSE,1,49,15,76
385,Meredith Jenkins,hshepardap@pbs.org,72563,7361960684,CS,11,47,74,68,Data,5,60,85,91
386,Kaci Parker,jdemaineaq@yelp.com,6064,6326652525,CS,4,9,79,3,PHYS,4,62,46,35
387,Macey Emmerich,tdeschellear@1688.com,75499,8229536304,CS,8,52,24,7,Econ,6,61,29,26
392,Lambert Hermiston,sgiblinaw@lycos.com,72651,6754912126,CS,6,22,57,33,PHYS,7,64,83,99
395,Kale Ankunding,amalimaz@uiuc.edu,21526,6645075597,CS,4,72,23,22,PHYS,1,18,1,92
397,Wiley Anderson,jquibellb1@angelfire.com,44942-3788,6256240304,CS,19,98,10,93,CSE,1,78,73,13
399,Liam Adams,fpopplewellb3@chron.com,33395,5343353275,CS,7,22,23,59,PHYS,3,19,40,38
400,Kaci Lynch,scroweb4@51.la,98948-3300,3487167058,CS,4,59,8,56,PHYS,7,25,94,56
401,Jett Hamill,tbehnekeb5@vinaora.com,69988,4484285093,CS,3,83,91,97,Cap,4,10,76,17
402,Simone Brekke,rhowsamb6@java.com,65121,1082903503,CS,18,52,70,46,Data,8,70,49,29
407,Keshaun Bailey DDS,rtugwellbb@amazon.com,38838-0659,1315556023,CS,5,98,24,57,PHYS,7,27,35,58
408,Lavon VonRueden,daisthorpebc@amazonaws.com,29220,6042639890,CS,6,35,95,13,PHYS,3,38,52,10
409,Max Trantow,cmorotbd@vistaprint.com,77063-6930,3684776512,CS,11,72,70,71,Data,2,96,80,78
411,Zetta Predovic,jvaninbf@qq.com,69967-4888,4088991818,CS,19,73,82,18,CSE,1,33,28,22
412,Meredith Runolfsdottir,aprofitbg@youtube.com,91438-5155,7321132322,CS,11,90,68,17,Data,1,42,29,48
413,Westley Smith,fhubboldbh@trellian.com,61299,5776339450,CS,19,85,94,98,CSE,1,8,31,97
416,Laura Windler,fhardwickebk@eepurl.com,90571,2157652487,CS,6,5,14,13,PHYS,3,84,64,79
418,Mrs. Shaylee Grady,mgoodacrebm@cdbaby.com,96749,3508749824,CS,14,96,72,33,Data,7,93,94,4
419,Modesto Jast,psleebn@buzzfeed.com,35350,1455462055,CS,13,95,6,71,Data,7,88,78,58
420,Jayson Conroy,rmaidenbo@msn.com,23701,5551845582,CS,2,66,54,21,Cap,3,88,79,4
423,Maia Jaskolski,bdoubravabr@chicagotribune.com,85223,9141156609,CS,9,3,92,34,Econ,1,24,62,91
424,Jeramie Zieme,gtwedebs@wiley.com,46172,8003330817,CS,2,27,90,2,Cap,2,20,55,19
425,Vergie Olson I,ebursnellbt@uol.com.br,60091-8925,5758562904,CS,19,17,18,21,CSE,1,7,100,93
426,Katarina Stroman,ctolfreybu@sourceforge.net,24445-1840,1311479300,CS,5,27,54,62,PHYS,3,73,100,59
427,Mr. Tyra Kertzmann,cpowlesbv@jugem.jp,04979-2110,1597070175,CS,14,21,29,83,Data,2,64,66,94
430,Wilhelm Schroeder,awhitmarshby@twitpic.com,17508-2465,8209958576,CS,19,51,87,23,CSE,1,76,85,90
432,Mrs. Darren Stokes,cdurrettc0@myspace.com,37111,1166814666,CS,14,95,78,85,Data,2,38,70,15
433,Tiffany Hintz,rgoundryc1@army.mil,89732-6026,9698336054,CS,19,91,37,3,CSE,1,100,63,24
434,Meggie Heaney,bmillec2@csmonitor.com,39049-9560,5622868529,CS,11,64,94,60,Data,1,45,99,86
435,Valentin Koch,cwoolmorec3@facebook.com,60864,4348680611,CS,19,98,88,95,CSE,1,7,57,2
436,Magnolia Hauck,pbridgementc4@hatena.ne.jp,29553-8071,6609300331,CS,9,56,18,8,Econ,5,50,53,44
439,Willy Witting,adelchecoloc7@addtoany.com,40387-1736,2674195979,CS,19,19,1,73,CSE,1,63,71,13
441,Mertie Kessler,jtollandc9@bbc.co.uk,79006-8196,9171231993,CS,11,49,56,79,Data,6,95,94,35
442,Ubaldo Brakus,fettlesca@infoseek.co.jp,76007,7248565345,CS,19,6,17,6,CSE,1,12,61,17
446,Lorenza Herzog,sovershottce@mapy.cz,12835-9899,5778016180,CS,8,92,5,15,Econ,6,39,92,65
447,Kassandra Feeney,nthireaucf@dailymotion.com,27516,3765733289,CS,5,34,60,4,PHYS,6,20,58,40
450,Sarina Brakus,kluisettici@newyorker.com,20653,7737054591,CS,18,90,13,6,Data,6,44,17,81
454,Ms. Novella Leannon,acordallcm@csmonitor.com,85877,5552747844,CS,15,26,48,57,Data,1,51,87,92
459,Ulices Greenholt,wbenoeycr@answers.com,25959,1807621191,CS,19,56,22,97,CSE,1,43,5,42
460,Trisha Kutch,vayliffcs@marriott.com,54051-5247,3767992226,CS,19,96,27,67,CSE,1,82,55,42
465,Isadore Bednar,drooscx@gravatar.com,71399,5148660351,CS,1,20,12,17,Cap,1,39,6,16
468,Oda Satterfield III,botterd0@usgs.gov,22775-6713,5058863325,CS,16,36,79,81,Data,1,64,33,41
470,Niko Effertz,lphillotd2@cnet.com,85744-7935,2961455228,CS,16,62,95,19,Data,6,81,65,3
471,Vivian Grady,aickowiczd3@exblog.jp,18649,4007602098,CS,19,57,68,92,CSE,1,32,61,85
472,Mr. Rashad Haley,ddankod4@sun.com,82251,8902483020,CS,13,26,44,2,Data,3,56,64,99
474,Kyler Marvin,mlodderd6@github.io,21453,4582100690,CS,6,17,99,83,PHYS,6,66,33,49
475,Sarai Jakubowski,icaghyd7@arizona.edu,3352,8687411598,CS,18,5,27,11,Data,5,39,66,73
476,Wilfrid Rath,kgiacomellod8@digg.com,53063,8201409867,CS,19,61,7,32,CSE,1,60,23,96
477,Mr. Rosario Breitenberg,mduthied9@chron.com,02305-7606,2795082165,CS,13,90,2,3,Data,7,46,98,24
478,Miss Alayna Simonis,rwyperda@bloglovin.com,74327,2528643501,CS,12,45,30,16,Data,8,77,57,76
479,Melissa Green,mflemmichdb@comcast.net,01613-1224,9217104672,CS,11,70,68,47,Data,7,14,37,61
483,Lauryn Hayes,fcromleholmedf@go.com,41270,9185406650,CS,6,13,22,32,PHYS,3,74,44,50
487,Zachariah Ritchie,lbaudaccidj@prnewswire.com,42401,8462684873,CS,19,61,57,96,CSE,1,12,5,86
490,Jayde Gutkowski,dmitchelmoredm@dion.ne.jp,17323,8518534654,CS,2,85,54,5,Cap,1,9,86,27
492,Oral Kozey,ngittingdo@booking.com,86080,8249370325,CS,16,7,46,28,Data,7,24,58,8
494,Michael Weber,lbarthropdq@businesswire.com,21722,2683513053,CS,11,27,51,33,Data,6,36,61,3
495,Skyla Maggio,rgroomdr@netscape.com,04376-3384,2355836986,CS,18,8,92,28,Data,8,90,68,48
497,Ms. Nickolas Stoltenberg,dcortesedt@ucsd.edu,45495,7182529846,CS,15,79,78,52,Data,3,53,54,93
498,Rosanna Mayer,lsimoncinidu@chicagotribune.com,43109-6219,7571983272,CS,17,34,26,10,Data,6,77,16,83
499,Jaiden Little,gtolputtdv@mail.ru,52923,7588930385,CS,1,64,50,92,Cap,2,96,32,6
500,Ms. Lindsay Trantow,cibbisondw@senate.gov,08402-9190,6713023781,CS,15,63,41,7,Data,2,6,19,23
502,Pierce Hettinger,stheobalddy@theguardian.com,98834-5453,5009519689,CS,16,89,48,60,Data,9,86,87,74
503,Mr. Alexandria Graham,zharbertdz@technorati.com,52127,9253448754,CS,13,9,2,12,Data,9,71,61,25
505,Pearlie Purdy,ehowshipe1@4shared.com,56802-4196,3332947413,CS,16,75,66,40,Data,4,8,77,64
507,Vada Kerluke,gdenleye3@phoca.cz,31619-0901,7039938740,CS,19,39,22,88,CSE,1,90,91,99
510,Raymond Oberbrunner Sr.,edelepinee6@jigsy.com,76623,8157436784,CS,17,1,83,40,Data,4,99,67,85
511,Tess Farrell,fbenee7@tiny.cc,66603,2713446513,CS,19,75,49,56,CSE,1,83,92,76
512,Providenci Mitchell,nhowee8@squidoo.com,35931-8930,6724615581,CS,17,65,69,30,Data,7,68,42,63
513,Kaci Runolfsdottir,schurmse9@seattletimes.com,9886,4362855985,CS,4,7,75,87,PHYS,7,60,95,21
515,Mr. Tyshawn Rice,mbelderfieldeb@hostgator.com,26517-4474,9054148275,CS,14,5,99,55,Data,6,34,75,78
516,Tremaine Williamson DDS,mtrueloveec@theglobeandmail.com,97268,9238044565,CS,19,76,13,79,CSE,1,37,84,23
517,Ova Legros,bshintoned@va.gov,11227-7785,4421719190,CS,16,87,96,97,Data,2,57,22,97
518,Jasen Walker IV,mpotellee@yolasite.com,90435,5311048660,CS,2,15,4,45,Cap,3,72,50,100
519,Orie Kunde,ctremblotef@ocn.ne.jp,48027-4968,9458840883,CS,16,31,43,53,Data,3,11,56,76
524,Pablo Shields,mbelwardek@addtoany.com,45260,4523475135,CS,16,1,16,24,Data,6,68,2,82
525,Mrs. Paolo Runolfsdottir,crollingsonel@intel.com,36074,6629011071,CS,14,36,44,79,Data,2,14,7,79
526,Stuart Murray,srotherhamem@opera.com,66162,8806712654,CS,18,26,4,24,Data,9,56,21,97
527,Timothy Dibbert V,cbenoyen@odnoklassniki.ru,50939,6179107118,CS,19,39,57,94,CSE,1,6,45,21
528,Shania Mayer II,csexoneo@dyndns.org,18195-1725,4181596609,CS,18,59,2,32,Data,2,46,46,8
529,Jolie Pagac,smcsarryep@bandcamp.com,81979-4127,7882680783,CS,3,10,59,17,PHYS,7,26,45,23
530,Miss Garfield Considine,lbrittoneq@elpais.com,43745-6124,8685504022,CS,12,28,16,96,Data,6,47,12,14
532,Stephania Gusikowski,cjeekses@usa.gov,78375-7248,4572338773,CS,18,5,41,30,Data,2,48,56,38
533,Lauretta Ortiz,nayrtonet@homestead.com,19929-5982,4707633674,CS,6,36,7,3,PHYS,6,8,53,35
534,Ms. Luisa Hackett,aroschereu@wikipedia.org,51874-4026,2205465939,CS,15,68,12,99,Data,1,25,85,38
536,Jarrett Strosin,kauchterlonieew@pagesperso-orange.fr,3214,9813657428,CS,2,90,35,85,Cap,2,58,50,62
537,Miss Erika Champlin,ldredgeex@alexa.com,39452,8168631527,CS,12,16,95,77,Data,6,94,37,27
538,Ms. Broderick Rosenbaum,wgawneey@java.com,20387,7053017551,CS,15,27,47,80,Data,9,57,68,98
539,Sage Gottlieb,jjanusez@dmoz.org,14459,5253887441,CS,17,48,96,20,Data,5,100,15,3
540,Laverne Toy,mtowheyf0@shareasale.com,39296-5511,1295643215,CS,6,53,37,11,PHYS,6,22,49,75
541,Piper Turner,rkunatf1@admin.ch,55238-1479,1744219539,CS,17,27,43,39,Data,8,84,99,46
543,Wilhelm Cremin DDS,nmaccourtf3@phoca.cz,2600,7714135010,CS,19,54,72,61,CSE,1,87,53,55
544,Miss Marcella Corkery,pwhitnallf4@shareasale.com,73398,4832369509,CS,12,11,73,33,Data,7,95,62,70
547,Mr. Amely Brown,kibellf7@feedburner.com,2087,1319520365,CS,13,99,13,83,Data,6,45,25,14
548,Jensen Nitzsche,lsollyf8@360.cn,32833-6834,2506972248,CS,2,68,68,14,Cap,3,75,20,4
549,Miss Harmony Smitham,slitterickf9@slashdot.org,37940,3923352386,CS,12,52,51,30,Data,8,43,37,7
551,Jordan Hilpert,darnaofb@hhs.gov,46583,4788713740,CS,3,87,86,23,PHYS,3,72,66,87
552,Shea Pacocha,rbosherfc@eepurl.com,59371-8305,5087049581,CS,18,97,10,63,Data,7,23,54,55
555,Vivienne Nolan,rriccelliff@friendfeed.com,77261-9397,2896421730,CS,19,83,11,47,CSE,1,77,67,21
556,Mr. Jamie Rolfson,gmetsonfg@dailymail.co.uk,43365-6691,8147743257,CS,13,75,92,42,Data,4,61,60,81
559,Mollie Hegmann,boffenerfj@seattletimes.com,66213-8355,7652894340,CS,13,64,11,60,Data,1,95,73,4
561,Mariano Price,koxtabyfl@stumbleupon.com,73106,2593775871,CS,10,76,79,82,Econ,4,69,94,49
562,Mrs. Jamarcus Hintz,trobertsonfm@cnn.com,75962-2033,7926066406,CS,14,6,64,90,Data,9,56,66,97
563,Mrs. Pedro Hyatt,seddiesfn@myspace.com,62792-6010,9008923897,CS,14,53,29,39,Data,8,4,48,66
564,Mr. Rebeca Zieme,dbootfo@japanpost.jp,91577-7020,7913563230,CS,13,17,29,74,Data,3,55,61,81
566,Kamren Keebler,raugiefq@google.pl,65957-8223,2429848318,CS,4,14,5,51,PHYS,6,41,28,80
568,Jaden Mayer,tdunyfs@cmu.edu,41272,4617207625,CS,1,52,78,96,Cap,4,85,22,67
572,Mrs. Murphy Torp,kcrickmerfw@moonfruit.com,73362,7574474961,CS,14,30,91,78,Data,6,93,82,7
573,Jamie Reilly,rshirefffx@cnet.com,03199-6377,4291445566,CS,1,38,68,60,Cap,4,82,37,67
576,Russell Quitzon,ychristauffourg0@time.com,49893-4604,1718817285,CS,17,42,18,82,Data,9,11,27,20
578,Tyrell Fay,dlyburng2@dyndns.org,57100-9564,5742760539,CS,19,93,33,3,CSE,1,75,95,14
580,Osvaldo Bogan,gwellsg4@csmonitor.com,56137-8993,8031723095,CS,16,49,44,2,Data,5,19,53,99
582,Jerrold Dicki,ttillotg6@google.it,89828-9984,8303761985,CS,3,18,51,68,Cap,4,5,80,6
583,Napoleon Boyer,darchdeacong7@apple.com,38594,2892566004,CS,15,1,27,81,Data,3,52,76,54
586,Jolie Smitham,laugurga@deviantart.com,42655,6242245131,CS,3,7,64,63,PHYS,5,6,94,6
587,Mrs. Trevor Brown,lspurniergb@wordpress.com,59133,3362842663,CS,14,88,23,16,Data,6,38,54,70
592,Tara Berge IV,monealgg@hp.com,72970,4149484145,CS,19,100,84,82,CSE,1,62,28,88
593,Jaylen Feil,hcordelettegh@1und1.de,37075-2692,9488982867,CS,2,84,7,94,Cap,2,65,61,38
594,Mrs. Jaleel Runolfsson,ablatchergi@nytimes.com,76969,2947108351,CS,14,93,6,17,Data,1,95,37,91
595,Stefanie Legros,mmaseresgj@loc.gov,57895,6484916382,CS,18,95,11,92,Data,7,38,57,67
596,Will Gusikowski,smccomiskiegk@nhs.uk,44663,8456016939,CS,19,91,48,29,CSE,1,31,100,26
597,Lauren Bahringer PhD,kwifegl@liveinternet.ru,52549,4165934945,CS,6,87,75,60,PHYS,5,34,43,6
598,Kari Weber,ekenwellgm@google.com.hk,50797,1843345418,CS,4,90,13,24,PHYS,3,50,98,8
599,Leola DuBuque Sr.,snelthorpgn@elpais.com,37512,9335224237,CS,6,99,84,46,PHYS,7,58,97,23
600,Neva Berge,rspirego@geocities.com,85083,6053696827,CS,15,79,12,69,Data,8,55,20,89
603,Rupert Kemmer,jtreegr@scientificamerican.com,29684-7405,1956880568,CS,17,26,74,35,Data,6,9,18,37
604,Vicenta Prosacco,kloomisgs@time.com,42207,2531345470,CS,19,40,69,45,CSE,1,89,95,56
605,Mr. Braulio Schultz,hkippiegt@smugmug.com,91859,2751108926,CS,13,56,45,97,Data,5,100,85,79
607,Rubie Harvey,acarberygv@theatlantic.com,62545,8321821439,CS,17,79,78,33,Data,1,16,87,53
609,Levi Willms,jfurzergx@storify.com,92123-6002,9002351597,CS,7,69,88,45,PHYS,4,50,58,75
611,Mckayla Eichmann,ehablotgz@usgs.gov,24758-5229,8857439477,CS,11,93,97,4,Data,4,80,57,84
612,Marjory Pfeffer,cturmellh0@whitehouse.gov,96917-6023,1492382253,CS,10,27,19,26,Econ,2,62,92,40
613,Una Stark PhD,ldietzlerh1@blogtalkradio.com,63421-9001,3753171805,CS,19,27,84,52,CSE,1,10,22,91
614,Miss Adolfo Lesch,hritchmanh2@cmu.edu,60471,8698592818,CS,12,47,66,66,Data,5,79,9,24
615,Marisol Konopelski,gmarkwelleyh3@diigo.com,12384-4348,5969271138,CS,10,61,78,42,Econ,3,55,31,58
616,Ms. Adrianna Hahn,miannelloh4@adobe.com,17615,7118275106,CS,15,48,59,95,Data,7,61,59,77
617,Verner Yundt,acordellh5@redcross.org,93994,3367751769,CS,19,1,100,11,CSE,1,57,13,28
618,Lionel West,sgrangerh6@delicious.com,8538,5302149060,CS,7,77,6,70,PHYS,7,1,36,8
620,Noah Moore,bpedwellh8@pen.io,96165,4552119384,CS,16,13,37,58,Data,1,42,13,12
621,Nestor Baumbach PhD,ecardenash9@newsvine.com,60405,3678835882,CS,15,59,57,69,Data,4,28,82,85
622,Marisa Schaden,cdewersonha@imgur.com,75684-5749,7825100810,CS,10,85,28,43,Econ,1,45,44,70
627,Miracle Kerluke,zmularkeyhf@cloudflare.com,12576,5229337652,CS,12,44,28,64,Data,9,79,75,36
629,Roxane Watsica,tbillhh@ucoz.com,39511,1318170337,CS,17,53,95,10,Data,9,83,94,25
630,Marianna Runolfsdottir,bkarlolakhi@dell.com,53495,8309595735,CS,10,68,79,48,Econ,1,5,34,36
631,Kaylah Zieme,kcobonhj@trellian.com,51665-4700,3981098637,CS,5,63,32,60,PHYS,4,3,95,48
632,Marques Langworth,qlerehk@fema.gov,5037,6293576932,CS,10,30,64,14,Econ,5,13,64,35
634,Jayson Doyle,smurkushm@yolasite.com,8613,1013477524,CS,2,71,48,2,Cap,4,25,71,28
635,Lexie Kuphal,pavesquehn@hp.com,49265-9854,3841865718,CS,7,51,63,65,PHYS,6,94,92,80
636,Jedediah Koch,mgaskinho@hhs.gov,71172,4738799432,CS,2,55,86,67,Cap,3,73,82,56
640,Josue Weber,tlarosahs@e-recht24.de,62802,5121621336,CS,4,57,33,57,PHYS,7,67,6,75
641,Zane Wunsch III,kmissonht@t.co,96604,5498709895,CS,19,90,91,73,CSE,1,39,76,56
642,Juana Kris MD,cstallonhu@yolasite.com,93117,2804689355,CS,4,37,95,37,PHYS,2,91,86,78
644,Mr. Nicole Raynor,tjexhw@scribd.com,88084,3895736341,CS,13,15,93,64,Data,9,57,75,48
648,Patience Hackett,ebenziei0@dmoz.org,39232-4441,3868609427,CS,16,32,19,39,Data,4,37,30,100
649,Jessy Leannon,rcuffleyi1@imgur.com,42968-3452,1183301150,CS,3,30,11,27,Cap,3,41,15,16
650,Mattie Jerde,batcocki2@icq.com,64255,8472213601,CS,10,12,10,91,Econ,1,55,58,57
652,Nils Simonis,pweekesi4@typepad.com,20868-5588,3444148311,CS,16,37,17,23,Data,7,82,78,27
656,Lola Rau,sdalgarnowchi8@unesco.org,53423,3341364844,CS,7,10,81,7,Econ,5,31,45,20
657,Miss Esperanza Macejkovic,dpitthami9@toplist.cz,06634-2448,2064475171,CS,12,4,93,79,Data,3,28,76,91
658,Mrs. Ciara Watsica,dmclachlania@whitehouse.gov,48685,6166741478,CS,14,32,41,36,Data,3,58,17,87
659,Jeramy Kessler,wbayneib@washington.edu,31751-1114,3832716350,CS,3,93,22,25,Cap,4,8,42,9
661,Kim Brown,cdecarloid@ask.com,86153-2135,7708253520,CS,6,83,64,55,PHYS,2,36,100,33
662,Kiley Quitzon,dorvisie@epa.gov,27009-7375,5396666150,CS,6,90,34,68,PHYS,3,31,68,88
672,Miss Jaeden Wehner,kingerio@boston.com,07565-4600,8598964009,CS,12,73,15,56,Data,6,16,86,24
673,Trenton Price,cswitzerip@discuz.net,25151-0382,6494616697,CS,19,2,70,10,CSE,1,30,43,23
675,Mrs. Elvie Langosh,kdebrettir@sphinn.com,2704,5734086448,CS,14,38,54,60,Data,6,89,94,31
676,Kyler Becker,dkeableis@youku.com,25120,1444414208,CS,6,26,21,73,PHYS,3,55,45,25
677,Selmer Romaguera V,nrawoodit@ning.com,9689,9092819096,CS,18,84,59,7,Data,7,99,25,2
679,Jedediah Hahn,eproudiv@tripod.com,60614,7639232874,CS,2,47,50,4,Cap,2,2,39,94
681,Sedrick Prosacco,kmenendesix@xrea.com,29209-8208,4052362441,CS,18,24,33,41,Data,6,40,26,15
682,Phoebe Murazik I,cmawmaniy@fema.gov,49931,9659287653,CS,16,85,74,62,Data,2,25,53,77
685,Turner Leffler,hmaceyj1@businesswire.com,70962-5634,9193044172,CS,19,65,45,95,CSE,1,100,76,95
687,Izabella Murphy,rbottjerj3@about.com,59784,8737804888,CS,1,42,28,91,Cap,3,29,43,4
689,Spencer Doyle,dairdj5@google.co.uk,98322,3487862635,CS,18,70,62,83,Data,3,75,14,51
690,Penelope Okuneva,cstratzj6@newyorker.com,20058,3928924740,CS,16,35,42,60,Data,2,98,44,27
691,Wilburn O'Reilly Jr.,nbarckej7@home.pl,97831,5777206285,CS,19,2,28,53,CSE,1,76,93,95
692,Mr. Citlalli Kirlin,fwonesj8@springer.com,96140,8402006380,CS,13,1,18,96,Data,4,45,47,13
696,Mossie Marks,mchasmoorjc@cloudflare.com,42601,4143159588,CS,13,67,5,35,Data,7,95,62,24
697,Ned Bechtelar,ashephardjd@unicef.org,77154-1316,9429844199,CS,15,18,96,7,Data,1,65,100,64
698,Miss Mireya Dach,vboordje@patch.com,86122,3241974001,CS,12,79,9,77,Data,9,75,65,76
699,Virginia Hoppe,dcostanjf@vinaora.com,87655-2896,9653704390,CS,19,8,47,12,CSE,1,25,44,44
700,Miss Idell McLaughlin,gsemanjg@usa.gov,29607-8773,4387486639,CS,12,99,12,88,Data,5,71,50,5
701,Janet Streich,cthomasonjh@blog.com,57434-2713,8818253738,CS,1,31,49,74,Cap,1,19,98,36
702,Martina Trantow,cmillisji@tumblr.com,60420,3724914120,CS,10,28,57,17,Econ,1,72,10,9
705,Octavia Hane,jschrirenjl@ifeng.com,31503-7566,5273651547,CS,16,57,9,8,Data,5,53,44,31
707,Jeremy Boyer,hcorradeschijn@tinypic.com,93083-6037,4857393283,CS,3,16,43,9,Cap,2,60,33,75
710,Juana Cronin,cgorriessenjq@psu.edu,51617-7621,1762762717,CS,4,39,23,21,PHYS,2,60,85,69
711,Kane Satterfield,imcgeouchjr@taobao.com,10604,7144860612,CS,4,31,83,56,PHYS,4,92,28,49
713,Stephon Bernier,mquennelljt@vinaora.com,89422-3936,4613199933,CS,18,14,63,76,Data,7,26,10,28
714,Mr. Rudolph Littel,llomazju@com.com,39585-8954,8353967790,CS,13,52,31,44,Data,6,89,12,40
717,Sonya Nitzsche,nweatherhoggjx@livejournal.com,73803,3433995645,CS,18,15,64,37,Data,7,18,78,99
718,Mr. Gudrun Dickinson,rgavriellyjy@prlog.org,42987,4549235346,CS,13,3,74,59,Data,7,6,67,36
721,Orland Rau,rpitrollok1@nature.com,63970,8474769967,CS,16,85,98,49,Data,8,5,75,63
722,Mrs. Deanna Wuckert,rneljesk2@columbia.edu,6558,7045832630,CS,14,54,77,10,Data,8,24,60,66
723,Jarred Kutch,lwetherillk3@cnbc.com,87429-5491,9682222839,CS,2,92,96,90,Cap,3,14,70,63
725,Karine Davis,apimbleyk5@vkontakte.ru,49654,6419649443,CS,4,10,48,72,PHYS,1,23,35,42
727,Miss Ottilie Dooley,lpidgenk7@webs.com,59185,6306648388,CS,12,51,12,74,Data,6,91,42,83
729,Miss Guy Nader,akeoghank9@businessinsider.com,49881,9418594243,CS,12,40,9,15,Data,1,1,58,7
730,Nikolas Moen,ajossumka@phpbb.com,66023-4672,7365674093,CS,16,41,51,98,Data,1,36,16,55
731,Sydnie Reichert,sfarrieskb@fastcompany.com,91912-3845,8539937111,CS,18,17,65,17,Data,8,4,62,63
733,Merlin Ward,mcamollikd@wsj.com,49696,1376656605,CS,11,15,40,91,Data,6,44,34,29
736,Leatha Torp,osandersonkg@harvard.edu,89515,3904082077,CS,6,93,23,64,PHYS,6,64,3,91
738,Miss Bailee Bogan,tschreiki@blogtalkradio.com,93928-2569,7466111629,CS,12,10,56,39,Data,9,26,21,69
740,Stuart Cruickshank,mseeneykk@hostgator.com,42902,5647298935,CS,18,24,89,4,Data,7,91,25,78
742,Ms. Alice Grady,bpenleykm@indiatimes.com,82942,3444201688,CS,15,7,35,61,Data,1,47,88,19
743,Madison Beer,dcrockenkn@vk.com,82062,8938145607,CS,9,6,91,7,Econ,2,80,85,96
744,Tremayne Bode,tcaileko@angelfire.com,03822-7491,6692960331,CS,19,33,62,55,CSE,1,38,54,56
745,Jocelyn Gibson,abrookbankkp@amazon.de,84398,1089845771,CS,3,23,35,90,Cap,1,5,92,16
746,Yesenia Cruickshank,mbrigshawkq@nationalgeographic.com,58489,1928584788,CS,19,54,91,95,CSE,1,89,100,69
750,Nedra Langworth DDS,smcveighku@imgur.com,44813-9609,3853738895,CS,15,2,49,7,Data,9,97,86,66
755,Miles Gottlieb,ddyballkz@weebly.com,15528-3775,4235394475,CS,11,81,60,1,Data,3,63,67,16
758,Tobin Armstrong,gwattinhaml2@pinterest.com,81023-9807,4088360733,CS,19,31,16,61,CSE,1,98,65,39
760,Jerome Carroll,ghoudmontl4@blogger.com,39257-5004,7747435349,CS,3,91,97,32,Cap,2,22,97,66
761,Miss Roger Hermann,cdenseyl5@goodreads.com,98725,2802999790,CS,12,31,64,67,Data,2,91,90,78
762,Mrs. Jarod Hauck,gcecchil6@hhs.gov,8719,8827206560,CS,14,56,77,78,Data,4,63,83,20
763,Lupe McClure V,mkemwall7@topsy.com,08183-6331,2405647274,CS,8,50,4,23,Econ,5,59,44,94
765,Ms. Tess Volkman,xtessingtonl9@dropbox.com,64054,4221799990,CS,15,31,82,25,Data,9,48,49,36
766,Marcelle Orn,hbaythorpla@rambler.ru,60174-1573,5271289567,CS,9,71,83,14,Econ,3,82,2,12
768,Madeline Lowe,apaddlelc@flickr.com,88845,4032650273,CS,9,85,28,17,Econ,1,43,32,40
770,Miss Grayson Pagac,ddukesburyle@patch.com,76993,2986945206,CS,12,6,82,76,Data,3,95,18,49
772,Luisa Lynch II,raynsleylg@trellian.com,68207-0189,8233322701,CS,8,21,8,84,Econ,5,28,41,85
773,Ms. Donavon Ferry,fsiberylh@opensource.org,29941-2303,2486083463,CS,15,42,73,58,Data,4,10,77,26
774,Jalen Dietrich DDS,socurneenli@wix.com,93378-3451,3869844762,CS,1,41,28,83,Cap,4,45,3,45
775,Stella Kohler,prylelj@linkedin.com,67332-8340,2216443811,CS,18,100,83,73,Data,7,22,29,33
776,Mrs. Trisha Flatley,jgershomlk@so-net.ne.jp,1969,5935197400,CS,14,17,65,54,Data,5,65,76,34
778,Mireya McKenzie,wridgerslm@privacy.gov.au,31829,5063775369,CS,12,93,8,15,Data,9,30,74,62
779,Nestor Willms,driddettln@instagram.com,96295,5659925408,CS,15,95,97,56,Data,4,49,65,45
780,Trevor Douglas,ecottilllo@bigcartel.com,25607,3171240274,CS,19,52,88,7,CSE,1,26,93,68
781,Jaydon Wolff III,nbrownelp@tripadvisor.com,70394-1943,5324068953,CS,2,86,74,66,Cap,3,39,66,86
785,Stuart Paucek,prubertlt@google.de,26310-0398,5244913075,CS,18,70,75,40,Data,7,87,78,61
786,Maeve Lindgren,ggruszeckilu@epa.gov,33377-8224,5927126915,CS,9,1,47,82,Econ,3,24,28,29
787,Keshaun Cremin,cdunseathlv@geocities.jp,79063,8718744936,CS,5,47,60,78,PHYS,2,94,90,68
790,Lorenz D'Amore,cscogganly@aboutads.info,42575-8209,2913497921,CS,7,45,92,55,Econ,2,10,23,73
791,Ottis Carter,jhynamlz@toplist.cz,96603-8471,1837000043,CS,16,46,37,23,Data,5,37,91,5
792,Mr. Abdullah Nienow,sblazynskim0@51.la,36764-6250,4891686083,CS,13,23,82,21,Data,8,60,13,91
793,Joel Hessel,dpiersonm1@youtu.be,34427,5141184178,CS,3,76,41,25,Cap,1,50,47,71
794,Mrs. Deangelo Larson,kowttrimm2@soundcloud.com,48890,6121194871,CS,14,73,1,40,Data,6,2,84,13
796,Rey Mayer,mmcilroym4@wordpress.com,23467-3014,4242334599,CS,17,57,51,73,Data,7,47,89,61
797,Osvaldo Goldner,rpagelm5@huffingtonpost.com,8039,7422569147,CS,16,20,94,77,Data,8,32,22,37
798,Miss Archibald Parisian,rbathom6@craigslist.org,35267-7823,9564305076,CS,12,40,64,10,Data,7,51,17,54
799,Kirk Kshlerin,mvollamm7@jalbum.net,2496,4913827938,CS,6,6,72,13,PHYS,6,4,38,90
800,Jude Jakubowski,agregorioum8@npr.org,22637-1487,2619382616,CS,4,79,33,52,PHYS,1,15,75,60
801,Letitia Haley,afullerlovem9@pen.io,60631-5004,6119622334,CS,7,5,8,85,PHYS,1,76,31,88
803,Lyla Rowe,jbramsenmb@php.net,88321,7191229641,CS,8,14,27,9,Econ,4,67,88,26
804,Reba Rogahn Jr.,hshirtmc@vk.com,65116-7346,9853227083,CS,17,2,27,39,Data,5,34,34,30
805,Xzavier Bednar,cholmesmd@wisc.edu,64947-3588,5037120585,CS,19,55,62,90,CSE,1,96,58,56
806,Madalyn Beahan,sflementme@dailymail.co.uk,47279-8349,4623705497,CS,9,50,74,9,Econ,6,93,94,34
807,Marquise Sporer,fdrowsfieldmf@biglobe.ne.jp,94325,9527458977,CS,10,50,23,44,Econ,3,22,23,19
809,Lily Mayer,isienemh@over-blog.com,64860-2432,3846455351,CS,7,12,35,33,PHYS,4,82,35,63
811,Johnpaul Adams III,ebountiffmj@tumblr.com,71858-3946,5156254548,CS,3,21,92,87,Cap,1,84,8,12
813,Zita Okuneva,xfearnsidesml@biblegateway.com,30976,7171781964,CS,19,11,52,39,CSE,1,69,100,94
814,Leone Rath,lwellstoodmm@utexas.edu,22085,1264351953,CS,7,82,95,92,PHYS,5,42,6,9
816,Kenna Toy,mfowlemo@blogger.com,94622,8924682463,CS,5,52,39,100,PHYS,5,55,12,50
821,Lesly Hamill,kcolombiermt@ebay.com,17722,9889335112,CS,7,93,100,21,PHYS,4,5,13,38
822,Mona Jast,gcrootmu@nsw.gov.au,76517,6444711194,CS,13,57,86,96,Data,4,59,81,100
824,Malachi O'Kon Sr.,emcglaughnmw@instagram.com,89992-3697,2665385595,CS,9,82,98,65,Econ,2,71,85,51
825,Maryjane Ratke DVM,khaylandmx@ucoz.ru,39009-2019,9186066481,CS,10,17,85,17,Econ,4,52,91,6
826,Rosanna Raynor II,bbrunsenmy@nhs.uk,67747,6763384743,CS,17,56,18,72,Data,1,15,68,27
827,Sydnie Eichmann,etaillardmz@epa.gov,36592,5332090119,CS,18,84,33,64,Data,4,16,74,1
832,Johan Marquardt,bgertrayn4@businessweek.com,5412,7491946646,CS,3,19,31,27,Cap,1,61,50,80
836,Zora Gottlieb,scriginn8@yelp.com,45039-4687,4445910532,CS,19,97,59,33,CSE,1,100,24,67
837,Mr. Terence Barrows,jreginan9@nationalgeographic.com,05356-2813,7946759661,CS,13,81,87,28,Data,5,87,32,93
839,Karina Heaney V,jkyngdonnb@desdev.cn,36203-8884,6866702717,CS,4,12,9,75,PHYS,4,91,57,7
840,Rafaela Towne,dflowerdennc@discuz.net,50181-3750,5211352768,CS,17,72,97,52,Data,3,59,4,52
841,Jonathon Renner,ggonnardnd@goo.gl,60583-1626,8168502665,CS,3,47,12,20,PHYS,3,3,83,59
842,Marquis Corkery,bscothornene@clickbank.net,96144-6408,6763186603,CS,10,7,72,80,Econ,1,54,34,6
843,Ozella Cremin,cletessiernf@umn.edu,80224,6501797816,CS,16,84,82,67,Data,2,19,52,94
844,Pattie Pouros,llucksng@census.gov,92178,1838117591,CS,16,12,98,67,Data,6,65,24,44
846,Sylvester Rogahn,scolvieni@upenn.edu,56259,5963242445,CS,18,48,1,85,Data,8,42,25,55
849,Madeline Beatty,btrowsdalenl@squidoo.com,38444-8065,7573370559,CS,9,43,41,41,Econ,1,32,24,91
850,Mr. Talia Reilly,kcandlinnm@vimeo.com,31507,6033071809,CS,13,5,38,90,Data,6,65,24,45
851,Sean Schmidt,pmarinernn@smh.com.au,52963,1088807417,CS,18,37,35,14,Data,7,20,87,62
853,Leopold Torp,sbendittnp@toplist.cz,91389-1880,9751819004,CS,7,51,18,100,PHYS,7,92,25,44
854,Madaline Monahan DVM,pcrottaghnq@google.cn,66222-4488,5024655558,CS,9,41,15,31,Econ,5,65,86,73
856,Mittie Kuvalis,hanscottns@free.fr,64069,2018063445,CS,13,96,69,15,Data,5,93,57,20
858,Jamarcus Kutch,tferrenu@webnode.com,21787-0595,7342652634,CS,1,36,1,85,Cap,4,69,51,29
860,Lacey Cremin,bcloughnw@cocolog-nifty.com,50683,3447458382,CS,6,7,23,55,PHYS,1,96,22,65
861,Jalen Stanton,dullettnx@comcast.net,27629,4284576229,CS,1,7,25,33,Cap,1,62,15,77
862,Shaun Schamberger,dkynastoneny@furl.net,29572,9484370706,CS,18,69,95,66,Data,3,57,30,23
863,Mrs. Adrain Howe,mharkusnz@time.com,41850,7221422505,CS,14,36,35,33,Data,7,58,82,99
864,Shania Walker V,dpiscoo0@infoseek.co.jp,46877-6408,9294347688,CS,18,23,76,22,Data,3,90,45,41
865,Shane Mayer,vgathercoleo1@zimbio.com,32082-7293,7215218489,CS,18,70,17,90,Data,9,81,71,70
866,Mr. Lurline Green,egettyo2@unblog.fr,88686,7823326896,CS,13,22,9,99,Data,4,47,72,74
870,Kendra Hessel,lsarchwello6@goodreads.com,70255-2988,3695369631,CS,5,21,74,16,PHYS,5,42,93,75
872,Keshaun Terry,strenemano8@ameblo.jp,94500,4949327989,CS,5,59,38,14,PHYS,7,68,11,57
876,Katelin Rippin DDS,ccostelloc@squidoo.com,36275,7047651827,CS,5,44,47,2,PHYS,2,6,12,40
880,Kaia Orn,ilouderog@discuz.net,21565,5337964346,CS,4,44,27,84,PHYS,4,22,27,79
881,Marietta Fisher,icroasdaleoh@vistaprint.com,36350,8967014687,CS,10,89,92,76,Econ,4,57,45,39
882,Mrs. Krystal Buckridge,rdoeloi@state.tx.us,16533,3414939557,CS,14,71,4,47,Data,7,56,21,18
883,Shanna Murray,rwestbyoj@intel.com,98044-2884,6417119602,CS,18,59,83,2,Data,8,25,52,19
884,Rodrigo Bins,nbustinok@businessinsider.com,76869-7678,3343389580,CS,17,69,51,35,Data,7,76,4,87
887,Jakayla Rogahn,egreenroaon@java.com,09902-0753,3897911440,CS,1,78,15,72,Cap,2,13,18,27
889,Khalil Tremblay,dmeagherop@cargocollective.com,42704,9181533068,CS,5,71,30,35,PHYS,3,72,4,7
890,Woodrow Daugherty,rmundleoq@histats.com,18933,5703245706,CS,19,33,1,47,CSE,1,39,77,1
891,Rosa Fahey,ccawsbyor@51.la,89267-2762,9479233233,CS,17,60,38,66,Data,2,67,53,96
893,Miss Neoma Pfannerstill,mhuggensot@tripod.com,15553-5075,8432307454,CS,12,98,38,8,Data,7,14,48,53
894,Stella Reichel,mbaseyou@google.com.au,82184,2396892522,CS,18,18,5,48,Data,6,5,82,38
897,Titus McClure,bhughillox@reddit.com,68248-2329,5366788287,CS,19,62,85,76,CSE,1,28,62,8
898,Leo Schneider,afahyoy@twitter.com,80947-8648,2904035935,CS,6,100,91,52,PHYS,1,90,52,57
900,Rodrick Ratke,aeilhermannp0@chronoengine.com,87842-9565,3935310863,CS,17,44,88,30,Data,1,17,26,51
903,Quinton Johnston,astanifordp3@prnewswire.com,62746,6448192279,CS,17,73,27,100,Data,1,79,51,53
905,Justus Prosacco,bstrandp5@yahoo.com,66487-7483,2815185909,CS,4,55,30,35,PHYS,2,7,83,43
906,Madeline Smith,echurmp6@g.co,21769-5045,2593257711,CS,9,53,1,94,Econ,2,57,43,46
907,Sallie McDermott,ialdinp7@ask.com,15145-5487,6376525823,CS,17,37,63,67,Data,5,91,83,57
908,Mireya Pouros,scrannap8@mayoclinic.com,17810-0771,6896702170,CS,12,65,41,80,Data,8,17,4,66
909,Mrs. Daryl Beier,thebbesp9@vkontakte.ru,40719-0365,5501326697,CS,14,94,44,76,Data,9,27,26,85
910,Marisol Crona,ogravestonepa@diigo.com,31841-2789,5804212840,CS,10,86,96,3,Econ,5,53,23,91
911,Wava Anderson IV,ngillbepb@google.de,94864,4279029711,CS,19,48,2,44,CSE,1,85,74,32
912,Miss Paul Hills,ghowlepc@huffingtonpost.com,7094,2957321218,CS,12,25,28,37,Data,4,82,33,25
915,Velma Lebsack,ctenchpf@umn.edu,78488,7759585308,CS,19,25,50,98,CSE,1,94,26,76
916,Mrs. Deja Mosciski,fabelsonpg@google.co.jp,57016-4801,5439138492,CS,14,11,14,76,Data,4,14,20,52
919,Rosie Huel,rmeccopj@ed.gov,53683-7406,2172468219,CS,17,8,8,90,Data,8,14,91,26
921,Marcelina Collins,rgebbpl@tinyurl.com,91324,8838874047,CS,9,61,42,8,Econ,5,13,43,91
923,Joel Hammes,cgipppn@bing.com,44021,9171947908,CS,3,95,2,15,Cap,1,36,35,81
927,Ismael Von,lnesterovpr@skype.com,72582,2034336028,CS,1,16,31,34,Cap,3,30,40,85
931,Ivory Reichert,bmeecherpv@weibo.com,49710-3275,9826981428,CS,1,63,48,5,Cap,1,55,54,29
932,Mae Rolfson,tfordycepw@imageshack.us,50058,2101365056,CS,9,5,25,97,Econ,6,22,72,62
933,Rowland Roob V,dodoughertypx@studiopress.com,74870-9401,6689086160,CS,17,95,98,71,Data,3,41,51,68
935,Rigoberto Huel,vturfespz@examiner.com,40968-5669,7942899295,CS,17,88,83,46,Data,9,71,40,25
937,Mr. Jasen Stracke,cmarshmanq1@rakuten.co.jp,19976-1644,8276695627,CS,13,17,73,43,Data,2,51,39,63
940,Ms. Maci Schamberger,osegeswoethq4@photobucket.com,72109-3458,9522318992,CS,15,1,81,25,Data,7,83,12,27
941,Mrs. Amparo Bahringer,cluntq5@soundcloud.com,59615-7626,2145286759,CS,14,79,84,50,Data,2,24,64,79
945,Jarret Mante,bfauloq9@hubpages.com,43182-5017,7554961530,CS,2,78,70,95,Cap,1,64,40,10
947,Monica Zieme,jsellerqb@qq.com,63847,5595203401,CS,13,88,30,46,Data,5,36,7,49
948,Kevon McDermott,jnewtonqc@mtv.com,33594-7435,5055917243,CS,5,40,67,64,PHYS,4,25,24,77
949,Ophelia Murphy,plingardqd@cdc.gov,56591,7419386430,CS,16,47,6,1,Data,7,58,74,53
950,Jeanne Marquardt,pgennerichqe@cyberchimps.com,84058,1271712657,CS,2,7,6,32,Cap,3,79,54,3
957,Jarrett Kessler,nbullinql@virginia.edu,63322,7659200618,CS,2,13,90,52,Cap,3,21,25,50
959,Rafaela Legros,tkibbyeqn@ehow.com,46102-2812,1146304300,CS,17,80,54,83,Data,9,56,8,6
960,Madelynn Grimes,awitcombqo@jimdo.com,47529,5396276774,CS,9,84,98,72,Econ,1,96,61,76
962,Leonel Beahan V,etanteqq@sohu.com,76157,5641424241,CS,7,23,77,6,PHYS,3,59,86,44
964,Price Parker,tberrimanqs@miibeian.gov.cn,00966-2212,7852021734,CS,17,28,1,39,Data,9,68,61,10
965,Stephen Ward,ciddendenqt@sphinn.com,78538,4571077199,CS,18,99,58,81,Data,2,3,24,35
966,Leon Morissette,rjindraqu@blogs.com,46717,8503543829,CS,7,44,29,94,PHYS,7,90,71,5
968,Mackenzie Halvorson,rrosiqw@cargocollective.com,34005-0398,9213972101,CS,9,81,37,76,Econ,5,80,79,86
971,Kara Wiegand I,bmearingqz@people.com.cn,45589-5734,1872302192,CS,4,7,85,1,PHYS,2,24,62,88
974,Pascale Abbott,vbrasenerr2@reddit.com,9852,4855336848,CS,16,25,46,61,Data,9,39,34,27
977,Scot Will Jr.,kgreatbachr5@stanford.edu,97806,3096045240,CS,18,29,19,65,Data,6,79,74,34
978,Rashad Larson,cstrather6@typepad.com,92849-5848,7147344387,CS,17,96,64,33,Data,2,77,49,11
979,Savanna Brakus,smcfaulr7@diigo.com,38248,8307953481,CS,18,18,96,68,Data,9,42,12,97
980,Lolita Moore,rnovacekr8@pbs.org,17499-6147,2716673702,CS,7,87,29,20,Econ,5,61,7,35
981,Maritza McKenzie,cpauelr9@phoca.cz,70230,4257024505,CS,10,77,82,97,Econ,2,68,86,40
982,Sammy Douglas V,oswettenhamra@intel.com,80712-8787,1048154077,CS,18,59,93,71,Data,7,1,44,2
983,Marta Zieme DDS,gduffittrb@booking.com,25607-5594,9378580824,CS,10,53,22,16,Econ,3,35,33,64
985,Mrs. Oma Veum,kwychrd@mozilla.org,18440-4954,6641556204,CS,14,90,80,89,Data,6,34,22,83
986,Marco Schaefer,shousere@gnu.org,68653,4559956078,CS,9,21,98,91,Econ,6,26,6,94
988,Wilson Runte,aownsworthrg@ask.com,73337,4283274867,CS,19,86,36,5,CSE,1,56,86,68
990,Odessa Upton,chowieri@geocities.jp,77759-8991,4639285087,CS,16,75,47,75,Data,2,8,80,49
992,Melyna Lindgren,aveyseyrk@accuweather.com,23459-3296,9979973361,CS,11,79,75,28,Data,1,91,22,44
993,Leon Hettinger,pfrancombrl@trellian.com,46964-8527,1182771078,CS,7,12,61,27,PHYS,6,39,14,4
994,Retha Schamberger,bdoughtyrm@furl.net,63943,2614023020,CS,17,40,98,8,Data,1,32,14,9
995,Mr. Brionna Padberg,pbalselliern@imgur.com,15090-6377,4112460267,CS,13,81,16,20,Data,7,32,3,8
996,Myrtie Hilpert,jklimkovichro@chicagotribune.com,73107,4646400043,CS,15,2,59,60,Data,5,84,25,77
997,Shayna Greenfelder V,cwormanrp@epa.gov,23495-1644,9742430924,CS,18,69,70,82,Data,3,79,6,37
998,Susanna Lueilwitz,orosenqvistrq@reference.com,55172-0528,6325241209,CS,18,54,94,54,Data,7,48,49,9
999,Tanya Zulauf,eshermarrr@narod.ru,21866-6495,4968352719,CS,18,71,30,90,Data,4,4,7,71
15,Beau Krajcik,rbovairdf@unicef.org,40173,3238095802,Hist,1,56,48,29,Econ,5,24,33,97
29,Aurelia Ferry,mjoseft@mysql.com,94065-1700,3262753236,Hist,1,27,87,31,Econ,5,92,39,1
35,Asa Tromp,lcossarz@twitter.com,40501,1167771547,Hist,1,29,7,76,Econ,4,25,67,81
89,Bailee Bernhard,ddrews2h@example.com,65283-7847,7057241900,Hist,1,19,3,47,Econ,2,65,35,13
239,Axel Blanda,mmapother6n@google.de,66655-2260,1887162616,Hist,1,34,5,92,Econ,5,7,85,5
292,Arturo Schoen,gaudibert84@symantec.com,64757,2269445581,Hist,1,84,44,2,Econ,3,39,50,77
314,Annabell Schuppe I,bthorsby8q@mac.com,27356,3294070947,Hist,1,1,18,54,Econ,1,95,81,66
331,Ashly McGlynn,mpritchard97@example.com,20014-9790,5153130879,Hist,1,65,67,76,Econ,5,43,7,21
398,Augustine Bednar,jseerb2@nymag.com,98024-4401,6209112984,Hist,1,17,38,19,Econ,4,99,20,76
406,Ardith Buckridge,tshowersba@icq.com,56618,5387489258,Hist,1,48,99,11,Econ,6,93,35,16
417,Antonette Gleason,bbaskeyfiedbl@wikia.com,92482-0528,1332100507,Hist,1,65,15,60,Econ,1,7,71,78
431,Annette Erdman III,fgreedierbz@is.gd,78469,6703040703,Hist,1,43,53,19,Econ,3,2,84,61
456,Austen Schultz,jdodmanco@geocities.jp,30711-7556,2775583726,Hist,1,74,81,100,Econ,4,91,57,87
520,Antone Spinka,jgraveteg@bigcartel.com,27715-4588,5135203465,Hist,1,71,18,98,Econ,4,65,26,62
523,Angie Howell DVM,khainningej@geocities.jp,17734-2380,7257000861,Hist,1,6,62,23,Econ,4,30,28,35
570,Anita Cremin,bschulzfu@t-online.de,90384,3139302791,Hist,1,49,37,10,Econ,1,6,44,22
574,Baby Stokes,bdarkerfy@upenn.edu,77132-7560,3236222511,Hist,1,55,70,25,Econ,1,41,42,65
628,Antonio Rice,tcomizzolihg@hubpages.com,07714-9589,7351326241,Hist,1,36,91,39,Econ,6,58,77,21
643,Bailee Keebler,gpalinghv@cnet.com,2387,7027080376,Hist,1,91,32,5,Econ,3,21,45,30
651,Annette Heathcote,wmcskini3@globo.com,68517-2455,7303718979,Hist,1,30,13,1,Econ,6,60,14,69
654,Arturo Stiedemann,ggabalai6@fastcompany.com,93759-4029,7614551290,Hist,1,64,26,31,Econ,3,59,92,18
680,Arianna Hayes,sdunniw@amazon.de,94673,7675816885,Hist,1,3,35,80,Econ,6,67,39,75
704,Barbara Lynch,jnelesjk@booking.com,6359,4006546748,Hist,1,91,87,52,Econ,4,73,30,6
734,Baron Pacocha,pshieldonke@wired.com,64842,2274663819,Hist,1,3,79,70,Econ,5,68,18,33
815,Ardith Hettinger,cportemn@illinois.edu,28839,3848189316,Hist,1,14,20,6,Econ,2,90,67,84
834,Assunta Walsh,ecarrettn6@geocities.com,90127,4389600858,Hist,1,8,68,74,Econ,2,35,8,52
835,Arnulfo Paucek,ifavilln7@amazonaws.com,69057,9413152090,Hist,1,55,98,66,Econ,4,24,35,21
917,Anika Walsh,mlaughreyph@g.co,56714,8579474090,Hist,1,78,5,59,Econ,5,7,46,63
922,Antonina Brekke,jokiepm@unblog.fr,82174,6842786359,Hist,1,77,37,30,Econ,4,7,58,51
924,Ari Simonis,tproudlovepo@dailymotion.com,37989,3738223604,Hist,1,35,11,94,Econ,6,75,35,13
926,Ayana Wilkinson,gknightsbridgepq@imdb.com,15314-1936,6007579575,Hist,1,48,24,85,Econ,3,29,27,37
972,Annabelle Block,emccarler0@time.com,69459-0613,3786604796,Hist,1,30,37,54,Econ,2,21,68,27
989,Arianna Yost,sfassonrh@apache.org,3099,9765473310,Hist,1,14,21,53,Econ,6,61,58,11
991,Angelo Macejkovic,fsprowlerj@columbia.edu,68391,1551788234,Hist,1,58,2,2,Econ,3,60,4,52
1,Cicero O'Kon,fkennet1@intel.com,93381-8079,1307744716,Math,4,42,90,30,Econ,3,86,78,56
34,Bettie Gibson II,jghesty@amazonaws.com,02136-2827,1255100564,Math,2,90,94,43,Econ,4,19,24,43
41,Carter Zboncak,tgreggersen15@sina.com.cn,35378,5898798416,Math,3,38,12,82,Econ,6,58,57,100
48,Claire Haley,aolczak1c@sbwire.com,85881-3334,6598988680,Math,4,19,82,41,Econ,1,45,56,3
52,Ahmed Marks,agotthardsf1g@nps.gov,17166,9509675647,Math,1,10,93,83,PHYS,1,97,23,27
56,Cody Gislason,epopplewell1k@samsung.com,83337,6513753213,Math,4,22,98,81,Econ,2,2,56,96
59,Cyrus Haag,tplose1n@privacy.gov.au,52075,5434785894,Math,4,73,81,55,Econ,6,27,50,55
66,Charlotte Donnelly,tsilversmid1u@europa.eu,91610,3348544114,Math,4,93,85,20,Econ,6,27,9,97
72,Bethany Bernhard,ndalliwatr20@over-blog.com,85396,6035098365,Math,2,16,84,40,Econ,5,91,31,93
79,Abigale Jewess,mlehrian27@php.net,70404,2186420250,Math,1,99,61,46,PHYS,6,59,80,21
91,Cade Spinka Jr.,eburrows2j@cafepress.com,4436,9711678305,Math,3,32,94,28,Econ,2,61,98,61
94,Alden Lind,achittenden2m@phpbb.com,94740-9657,2684940911,Math,1,48,58,80,PHYS,1,31,20,71
95,Danny Goldner,ahause2n@netvibes.com,36442,3811948692,Math,5,40,73,93,Econ,1,53,77,82
117,Aida Wilderman,bkobpac39@altervista.org,8480,5592690183,Math,1,19,34,93,PHYS,2,37,49,51
122,Bessie Reinger,fkisar3e@google.com,18513,2467082800,Math,2,2,52,75,Econ,3,20,95,21
144,Cleveland Bins,edufaur40@cnn.com,12194,6138650423,Math,4,71,14,90,Econ,2,90,18,89
147,Damien Hudson,jmcmenamin43@time.com,2112,4792383710,Math,4,1,46,100,Econ,4,12,83,57
161,Brice Pacocha,avermer4h@nymag.com,74992-3293,2752676614,Math,3,37,41,23,Econ,1,2,57,93
165,Cody Gutkowski,lwaszkiewicz4l@answers.com,40010-1712,9348596360,Math,4,5,93,99,Econ,5,51,92,45
167,Cameron Osinski,rcoupland4n@a8.net,15824,4009998820,Math,3,18,69,100,Econ,5,51,85,70
168,Dandre Kassulke,kladson4o@columbia.edu,88661-9434,2403815864,Math,4,92,92,30,Econ,4,65,6,32
180,Alexandrea Goodwin,abaggalley50@prweb.com,17165,8316127746,Math,1,72,87,16,PHYS,1,50,17,51
203,Brody Hackett,bgomersal5n@va.gov,81118,1715575509,Math,3,44,51,12,Econ,1,15,68,55
206,Alanis Stracke,mgravett5q@google.co.uk,17456-0626,6361489958,Math,1,16,18,54,PHYS,5,24,50,31
207,Bernadine Koelpin,llumpkin5r@archive.org,94538,7396905295,Math,2,6,79,51,Econ,5,67,33,48
219,Damon Shields,gperschke63@discuz.net,34681,1041330723,Math,4,100,69,56,Econ,3,76,81,78
232,Alexane Cremin PhD,gatwill6g@tinyurl.com,93537-3401,7969013997,Math,1,90,61,48,PHYS,3,4,74,22
237,Cleo Kub,mspoerl6l@walmart.com,77106,2064204063,Math,4,20,58,9,Econ,5,62,66,73
245,Carleton Flatley,bwilmut6t@about.com,70980-7352,7775308519,Math,3,8,17,79,Econ,1,56,18,69
251,Berta Reichert,chardaker6z@mozilla.com,63969,3609292429,Math,2,71,60,50,Econ,1,92,24,96
268,Calista Reichel,aprettyjohn7g@mayoclinic.com,37030-4971,5708184649,Math,3,50,4,1,Econ,1,28,4,40
278,Carolyne Herman,agoldie7q@twitpic.com,14099-0116,5674145864,Math,3,100,35,23,Econ,1,32,33,9
286,Dameon Herman,scromb7y@businessweek.com,32384,4936661787,Math,4,10,19,44,Econ,5,21,100,18
294,Blaze Jaskolski,udinisco86@ustream.tv,82580,2677561909,Math,2,67,54,23,Econ,6,100,21,48
295,Celestino Hilll,gbeathem87@people.com.cn,1475,6939644773,Math,4,59,31,5,Econ,3,3,77,29
296,Abbey Kunde,mborrill88@unblog.fr,49598-3915,7902445059,Math,1,54,25,69,PHYS,5,69,11,24
305,Abigayle Goldner,dsaturley8h@umich.edu,56224-8364,6512624973,Math,1,24,1,98,PHYS,3,52,74,93
319,Brandi Bergstrom,gdunston8v@gnu.org,80500-0939,4787339428,Math,2,94,8,43,Econ,3,65,60,70
322,Abe Wintheiser,kfranciskiewicz8y@paginegialle.it,37295-8879,7874074228,Math,1,14,48,3,PHYS,4,89,19,31
326,Caesar Rath II,bsandaver92@blog.com,85622,8148118282,Math,3,99,79,70,Econ,1,1,28,16
329,Chloe Nienow,hsturch95@amazon.de,69915-4914,2706148531,Math,4,33,98,39,Econ,3,58,92,34
333,Beverly Muller,nwolseley99@histats.com,44944,1892943713,Math,2,35,97,14,Econ,5,18,1,87
338,Casimer Runolfsdottir IV,ktatters9e@nbcnews.com,87959-1296,4543467585,Math,3,80,25,37,Econ,4,1,76,36
343,Adell Bradtke,fpraton9j@mapy.cz,55533,2727934286,Math,1,1,60,61,PHYS,3,55,85,37
354,Crawford Romaguera,mklazenga9u@cisco.com,36325-2106,7514001634,Math,4,50,24,46,Econ,5,30,91,34
366,Aimee Schowalter,mclaydena6@dropbox.com,1093,8576028857,Math,1,78,50,67,PHYS,5,15,64,59
375,Brannon Bins,ldeddumaf@google.ru,13327,4931503018,Math,2,58,22,50,Econ,4,39,53,100
378,Cade Wilderman,dferneai@wisc.edu,88663-2415,8922082554,Math,3,58,80,59,Econ,2,28,44,37
388,Alden Murazik,pfidalas@fotki.com,10329,1705212350,Math,1,98,31,99,PHYS,6,93,44,67
389,Chad Breitenberg,ngrindellat@senate.gov,02638-8396,9453681474,Math,4,65,91,37,Econ,5,53,99,77
390,Adelia Huels,bfennellau@china.com.cn,67623,2317092992,Math,1,57,73,66,PHYS,2,96,24,61
403,Brian Huel,stremellanb7@shinystat.com,42939-4351,5891360695,Math,3,74,63,78,Econ,6,26,71,48
405,Crystal Keebler,ndrennanb9@instagram.com,00424-5604,3063128210,Math,4,44,3,86,Econ,5,89,83,20
415,Cali Reichert,cmcevillybj@state.tx.us,44772-3633,4953298271,Math,3,11,67,50,Econ,1,53,81,13
437,Abel Anderson Sr.,chaggiec5@prnewswire.com,36331,1519856103,Math,1,17,39,99,PHYS,2,67,56,37
440,Cassie Reynolds,rchetwyndc8@ucla.edu,99595-6606,8649348556,Math,3,94,89,58,Econ,5,36,91,56
448,Clovis Tillman,eowthwaitecg@bloglovin.com,87517,2303200385,Math,4,58,38,43,Econ,2,59,89,51
458,Branson Wiegand Jr.,mpadsoncq@cornell.edu,79712-7990,9378523410,Math,2,56,90,7,Econ,5,92,93,29
467,Carolyn Greenfelder,vpowiscz@g.co,42553-1664,9165250831,Math,3,36,10,3,Econ,6,94,10,81
484,Cierra Christiansen,mkelldg@pen.io,17778-3535,6977807511,Math,4,53,32,2,Econ,5,97,18,4
488,Carley Collins,hmertgendk@bravesites.com,00858-9546,1992980700,Math,3,23,39,33,Econ,3,86,34,39
496,Chanelle Armstrong,ptincknellds@bbb.org,99484,5333828844,Math,4,83,43,93,Econ,5,43,10,13
501,Coby Quitzon,cbillodx@cbc.ca,41209,8316225985,Math,4,60,15,17,Econ,1,17,13,29
521,Candice Nikolaus,msnoweh@aol.com,43494-9532,1422157691,Math,3,48,42,81,Econ,5,82,51,33
553,Bernhard Lakin I,limpeyfd@parallels.com,57313-3674,2415880072,Math,2,76,54,9,Econ,4,47,91,46
557,Breanne Ankunding,awhenhamfh@pbs.org,06325-9201,4645581414,Math,3,21,69,65,Econ,1,65,26,94
560,Clare Wilderman,jkeefk@tiny.cc,50078,7152598683,Math,4,100,64,67,Econ,4,69,20,37
589,Casey Mann,ajollissgd@ocn.ne.jp,97444-6694,4682603660,Math,3,28,62,99,Econ,1,79,60,47
591,Caterina Keebler,jadamogf@ibm.com,17081-3277,1007182937,Math,3,30,98,42,Econ,4,30,55,39
601,Cassie Ondricka,nbrodeurgp@tmall.com,80522-9442,4899309617,Math,3,28,85,92,Econ,5,29,58,37
602,Cooper Schamberger,aisaakgq@ft.com,04599-1621,4622669602,Math,4,77,23,38,Econ,1,61,71,72
610,Bert Cole,mgorgergy@edublogs.org,96326-9541,2929212474,Math,2,21,32,44,Econ,5,81,62,81
623,Aiden Feeney,anicklesshb@noaa.gov,86343,2258949793,Math,1,93,45,30,PHYS,1,33,65,5
625,Ada Morissette,jdowhd@unblog.fr,23548-8868,6915576841,Math,1,74,18,87,PHYS,4,94,71,58
626,Berry Paucek V,wpaumierhe@friendfeed.com,87912,8429747110,Math,2,56,77,90,Econ,6,85,60,8
639,Constantin West,sreddelhr@telegraph.co.uk,06145-8441,8504392733,Math,4,82,55,100,Econ,6,51,23,26
655,Beau Langosh V,fjellardi7@toplist.cz,75380-6262,7433173344,Math,2,38,46,49,Econ,3,85,25,68
660,Constance Spencer,slanfranconiic@bizjournals.com,96321,5847632885,Math,4,23,5,95,Econ,6,6,22,98
664,Alek Harªann,reallisig@yellowpages.com,65107-1029,2847122625,Math,1,31,99,55,PHYS,6,36,80,68
667,Carmella Schmitt DDS,hebbuttij@amazonaws.com,85453-2562,2787595481,Math,3,92,8,64,Econ,3,44,69,70
670,Bettie Keeling,cpadgettim@hp.com,46680,2276226151,Math,2,89,82,79,Econ,2,25,50,36
671,Carrie Heidenreich,aiskovin@goodreads.com,40678,7144497996,Math,3,59,95,69,Econ,1,74,39,42
674,Alan Roob,rmosesiq@merriam-webster.com,64149-5037,9217564613,Math,1,18,66,7,PHYS,7,65,23,85
678,Brent Murphy,bdunkleeiu@tripod.com,73432-8189,4162549144,Math,3,87,28,80,Econ,1,54,45,86
684,Belle Shanahan,dcabelj0@cdbaby.com,54349,6657788882,Math,2,14,55,26,Econ,2,17,17,19
686,Clemmie Auer,kcapsj2@ucoz.com,53671-5719,5356464095,Math,4,76,12,48,Econ,4,49,50,8
693,Chadrick Bahringer,gwadleyj9@cisco.com,8001,5628463457,Math,4,21,97,50,Econ,3,50,81,61
706,Danika Howe,tferfullejm@cornell.edu,22470-6741,4232529749,Math,5,48,37,84,Econ,6,56,83,21
708,Abigayle Lind Sr.,elakinjo@samsung.com,96663-0057,2994009710,Math,1,29,33,82,PHYS,3,71,71,27
712,Abigayle Kuphal II,giddonjs@yahoo.co.jp,78433,7438345423,Math,1,22,88,17,PHYS,4,85,46,5
724,Cleveland Altenwerth DDS,mhogbournek4@facebook.com,39283,2677023225,Math,4,56,17,59,Econ,5,56,71,86
732,Alene Strosin,clonglandskc@wordpress.com,40143-3932,7281157019,Math,1,44,22,90,PHYS,2,14,40,14
739,Clarissa Kessler,sbedinnkj@ibm.com,69150-0022,2922851940,Math,4,64,53,60,Econ,5,17,72,79
748,Daniela Roberts,dsimenetks@google.fr,05811-2692,6217755722,Math,5,27,19,38,Econ,2,3,93,64
749,Carmela Schowalter,aelderbrantkt@123-reg.co.uk,66482,7861893908,Math,3,85,43,96,Econ,1,89,43,82
751,Bessie Dooley,jbindinkv@mashable.com,74333-8469,1971405319,Math,2,51,6,80,Econ,4,79,50,1
752,Braden Legros,vcoumbekw@ca.gov,63994-6388,4115029491,Math,2,21,64,95,Econ,6,95,99,82
754,Brannon Olson,wjeavesky@etsy.com,93653-8737,9621002667,Math,2,60,24,2,Econ,6,39,31,21
767,Carolina Keebler,bbeverleylb@answers.com,95643-7929,4214618163,Math,3,48,91,70,Econ,1,60,87,28
771,Abbey Gulgowski,clequesnelf@mapy.cz,2213,5898278861,Math,1,53,41,29,PHYS,2,16,16,53
777,Brook Fahey,ncookell@wiley.com,67443-6156,6536655445,Math,3,49,53,44,Econ,5,87,27,56
783,D'angelo Bauch,eswanwicklr@home.pl,60300-4671,7505358527,Math,5,48,33,44,Econ,3,73,96,8
789,Al Schamberger,dcruttendenlx@booking.com,16711,9511676372,Math,1,31,54,89,PHYS,3,26,10,34
812,Cathryn Dach MD,nmccarrellmk@bloomberg.com,11879-4263,3502940059,Math,3,45,14,66,Econ,5,41,47,55
818,Adrian Jacobson I,lwarlockmq@odnoklassniki.ru,77704-1221,3778021432,Math,1,82,86,6,PHYS,5,16,59,74
829,Albin Effertz,nbrachelln1@smh.com.au,75081,6489956267,Math,1,12,7,93,PHYS,6,34,93,1
838,Candido Corwin,bloveardna@lulu.com,32444-3092,1177061592,Math,3,9,82,87,Econ,1,10,46,72
867,Brooklyn Roob,skimberlyo3@google.de,57411-0800,8814372695,Math,3,34,42,24,Econ,6,30,96,18
868,Damian Cremin,vmoisero4@nature.com,98736-4115,9954381442,Math,4,92,95,14,Econ,6,4,19,5
869,Aditya Powlowski,jlawieo5@accuweather.com,41723-4069,1379175107,Math,1,52,35,78,PHYS,4,67,66,1
873,Bryce Beahan,aubankso9@shutterfly.com,66892-7950,1356781137,Math,3,96,87,6,Econ,1,42,34,75
878,Carol Price,fvinickoe@hexun.com,78339,6533792049,Math,3,47,86,89,Econ,3,10,19,21
879,Dane Hirthe,kcrameof@ustream.tv,99714,4132080058,Math,4,64,2,75,Econ,4,44,24,50
914,Alexandre O'Hara,dmellype@list-manage.com,48462,8854565500,Math,1,21,34,4,PHYS,3,50,70,48
925,Catharine Stamm,gbrimmpp@msn.com,4536,3795340714,Math,3,61,12,49,Econ,3,43,67,63
934,Cecilia Wilderman,hwathanpy@phoca.cz,45757,3164914600,Math,3,89,46,22,Econ,4,79,77,15
936,Camren Murphy,eduvalq0@npr.org,85205-6083,9945148447,Math,3,97,38,29,Econ,2,15,45,25
939,Alejandrin Brekke,wwieprechtq3@cloudflare.com,06362-9428,1869270397,Math,1,99,86,91,PHYS,8,10,27,39
951,Cloyd Walsh,lfloatqf@adobe.com,81349-7205,8779671930,Math,4,82,86,83,Econ,4,74,44,20
954,Aisha Wolff II,cpiddlesdenqi@weibo.com,01607-0832,7157746934,Math,1,2,7,85,PHYS,2,49,36,71
958,Chaim Batz,ckleanthousqm@dropbox.com,99129,4392090568,Math,4,93,91,37,Econ,1,66,1,57
961,Breanna Turcotte,cpoyserqp@storify.com,74460,2336361264,Math,2,49,87,35,Econ,2,27,46,76
975,Citlalli Strosin,aorbiner3@google.it,65269-4666,2249960857,Math,4,53,94,83,Econ,1,5,23,23
976,Danny Boyer,epetofir4@hexun.com,04205-9060,9596105189,Math,5,18,41,15,Econ,2,8,34,26
987,Colton Simonis I,prungerf@yellowpages.com,93010-1349,6977284056,Math,4,88,34,81,Econ,5,21,52,36
8,Einar Homenick I,hmoorerud8@ucoz.ru,70950,7602571885,Mech,3,46,63,96,PHYS,4,48,76,66
12,Gladyce Langworth,lburgesc@umich.edu,86778,7358826683,Mech,6,13,62,37,Edsgn,3,24,58,29
26,Eileen Ullrich,dmaccartq@mapquest.com,27686,3288744458,Mech,3,29,46,35,PHYS,3,39,79,69
28,Giovanni Jerde,mchastanets@infoseek.co.jp,25983-9940,4437835595,Mech,6,88,96,50,Edsgn,3,4,74,62
31,Ferne Emard,cgrasserv@alexa.com,16654,1636378293,Mech,5,96,87,75,Edsgn,1,33,30,72
39,Elwin Waelchi,sdalliston13@naver.com,49231,5445272807,Mech,4,57,92,29,Edsgn,4,28,92,78
51,Earl Dare,clivens1f@acquirethisname.com,39958,8648771218,Mech,3,100,39,10,PHYS,2,71,11,24
55,Gilda Parisian,phallor1j@hc360.com,18056-6165,2228691354,Mech,6,62,22,4,Edsgn,3,59,77,62
64,Ilene Schamberger,bbuddington1s@mediafire.com,60328,2398899151,Mech,8,15,16,25,Cap,1,44,30,26
70,Ila Emmerich,smilton1y@abc.net.au,65261,9387404641,Mech,8,39,9,6,Cap,4,76,49,20
71,Ewald Koelpin,ocolter1z@ucoz.com,35208,1865723259,Mech,5,62,28,19,Edsgn,3,90,9,92
75,Gerard Jakubowski DDS,kbooi23@dagondesign.com,36910-7488,2868392259,Mech,6,86,66,63,Edsgn,3,37,86,53
81,Domingo Gulgowski,vkarlowicz29@barnesandnoble.com,13391-6667,8977296546,Mech,2,74,10,65,PHYS,8,82,90,62
82,Emmie Mosciski,gevamy2a@mashable.com,53361-7414,3565062594,Mech,4,16,49,52,Edsgn,2,44,95,68
84,Dr. Buster Beahan,fbettesworth2c@salon.com,56973,3301492114,Mech,2,3,73,64,PHYS,3,12,38,99
90,Gilberto Legros,cemig2i@com.com,30516,1897642691,Mech,6,99,21,94,Edsgn,1,37,23,44
97,Dr. Ashton Stehr,mmountney2p@jigsy.com,98008,9887573433,Mech,2,96,2,98,PHYS,6,34,43,11
98,Elbert Davis,smundie2q@over-blog.com,40741,6236712453,Mech,3,100,27,37,PHYS,7,97,53,93
101,Gardner Rippin,hperham2t@ezinearticles.com,24479-5492,2935297744,Mech,6,12,43,46,Edsgn,2,42,96,93
107,Floy Koss,lpetrushanko2z@macromedia.com,24643-2395,3614103389,Mech,5,81,89,62,Edsgn,3,99,14,51
108,Elvera Auer Jr.,kmoodie30@amazon.de,51051,4414304742,Mech,4,51,4,46,Edsgn,3,61,59,25
111,Dolores Ledner,iolliver33@paginegialle.it,96379,7448317180,Mech,1,45,3,20,PHYS,4,5,15,51
113,Dr. Karelle Koss,chowland35@cnn.com,11570-9120,7535570080,Mech,2,64,48,22,PHYS,2,45,76,47
115,Derick O'Hara,spraten37@statcounter.com,34632-6887,8358735163,Mech,1,88,82,15,PHYS,7,48,47,59
118,Ella Waelchi,stichner3a@bbc.co.uk,60757,6863198544,Mech,4,89,20,91,Edsgn,4,79,21,76
124,Dorothy Wunsch,lball3g@lycos.com,49349-1998,9279633923,Mech,2,37,63,11,PHYS,5,21,87,73
127,Friedrich O'Kon II,llugden3j@mapy.cz,75411-3843,7811756413,Mech,6,67,11,21,Edsgn,3,14,75,7
132,Dortha Ondricka,snasi3o@hubpages.com,59044,9416385067,Mech,2,12,59,35,PHYS,7,29,89,27
134,Dr. Leilani Purdy,gguyon3q@sbwire.com,24348-8039,6607563285,Mech,2,11,83,51,PHYS,3,58,44,95
136,Hayden Conn,dcapsey3s@51.la,22992,1937947807,Mech,7,68,40,14,Cap,1,88,29,78
138,Frank Williamson,bcosh3u@cmu.edu,48348-6156,6021059609,Mech,5,73,100,24,Edsgn,1,42,59,7
140,Fausto Bernhard III,nfist3w@eepurl.com,06431-5184,5017188306,Mech,5,21,9,3,Edsgn,3,83,97,46
145,Ethan Johnston,wjeanenet41@bandcamp.com,53687,5929288056,Mech,5,14,84,70,Edsgn,4,63,25,69
156,Gretchen Spinka I,bkerswill4c@smugmug.com,07576-8317,6563518418,Mech,7,81,48,9,Cap,1,14,71,38
164,Hayden Schroeder,ewoolmer4k@ning.com,90084-2974,5028017701,Mech,7,87,6,2,Cap,2,74,1,36
175,Erin Reilly II,aduding4v@nyu.edu,17311-0700,8035385807,Mech,5,79,48,63,Edsgn,1,78,9,89
179,Garett Balistreri,cbrewers4z@4shared.com,35831-6987,2876601021,Mech,6,85,86,99,Edsgn,1,56,53,66
182,Earl Harvey,mkyngdon52@pen.io,50241-5308,7174227539,Mech,3,32,39,36,PHYS,5,22,75,87
184,Darrel Schmitt,cvedstra54@canalblog.com,28800,7287955627,Mech,1,31,82,91,PHYS,3,7,7,21
188,Deshawn Williamson,swaltho58@sbwire.com,14858-4248,2529148893,Mech,1,86,57,88,PHYS,7,14,57,100
208,Edmond Beatty,estinchcombe5s@yelp.com,12593,6616351983,Mech,3,22,95,68,PHYS,3,34,73,99
210,Garrison Brekke,blafont5u@163.com,44283,9136095309,Mech,6,42,93,40,Edsgn,1,30,40,3
220,Eddie Botsford II,rtwigge64@360.cn,26391-2666,8696940266,Mech,3,63,64,11,PHYS,7,55,2,6
221,Fabian Murphy,tbernardon65@engadget.com,80583-2545,7146967219,Mech,5,31,31,91,Edsgn,4,60,54,34
233,Iliana Little,eschuchmacher6h@senate.gov,80465,3721975304,Mech,8,3,37,4,Cap,2,51,69,96
247,Elsa Bernhard,gturbat6v@apache.org,67888,4807950043,Mech,4,67,10,35,Edsgn,2,5,80,59
249,Gabrielle Bednar I,epawels6x@people.com.cn,7140,9515642229,Mech,6,25,16,74,Edsgn,2,56,96,78
250,Eula Lockman,mmatyas6y@sun.com,66250-7584,8933394712,Mech,5,85,6,18,Edsgn,3,65,63,66
258,Dr. Zachary Corwin,dbedboro76@a8.net,95966,9418203245,Mech,3,2,93,4,PHYS,3,21,8,58
259,Earline Mitchell,clightbowne77@blogs.com,46315,4004642397,Mech,3,7,55,92,PHYS,2,12,81,99
262,Dr. Devante Ritchie,kwhewell7a@slate.com,55484,8337051465,Mech,2,9,77,25,PHYS,5,50,39,100
266,Harvey Becker,ckilroy7e@redcross.org,08521-9282,7619496573,Mech,7,8,13,64,Cap,1,98,77,39
274,Desiree Ullrich,lhaig7m@webnode.com,55367-5126,9498551789,Mech,1,19,67,33,PHYS,5,50,41,37
282,Delilah Osinski,tholligan7u@cam.ac.uk,13614-6830,5281811092,Mech,1,7,40,66,PHYS,7,9,57,34
283,Hilbert Hagenes,dmaith7v@so-net.ne.jp,23698,4188689035,Mech,8,78,85,44,Cap,1,55,27,10
284,Gerardo Lindgren,ddunbobin7w@squarespace.com,50557-6267,1792740203,Mech,6,42,63,37,Edsgn,2,55,16,90
288,Dr. Sydnie Jacobi,sclynter80@histats.com,67069,4139326836,Mech,3,67,50,16,PHYS,7,62,10,69
289,Erik Jakubowski,keppson81@earthlink.net,81099-9838,8647080018,Mech,4,3,88,37,Edsgn,3,30,72,26
297,Dr. Tomasa Kerluke,aarndt89@google.fr,39590,7329101207,Mech,3,24,27,32,PHYS,1,54,53,34
300,Garrison Haag,lpiniur8c@cam.ac.uk,76327,7573287335,Mech,6,35,58,76,Edsgn,3,43,1,27
302,Daphnee Greenfelder,gmalinowski8e@gov.uk,89664-5628,1233588100,Mech,1,72,43,30,PHYS,4,68,65,13
318,Hiram Quitzon III,alage8u@csmonitor.com,23697-9443,4903500860,Mech,8,69,63,3,Cap,1,25,46,60
327,Dr. Lizeth Brakus,llunk93@tamu.edu,53147-8866,3508624415,Mech,2,77,55,98,PHYS,5,40,33,79
330,Faye Keeling DDS,evannini96@tmall.com,44569-2162,2078064156,Mech,5,82,59,85,Edsgn,2,91,62,30
335,Hattie Schmeler,gdaborn9b@oaic.gov.au,68395-5762,2021711669,Mech,7,71,75,8,Cap,2,21,94,39
349,Esther Gaylord,rhrishanok9p@skype.com,19652-6656,6784967899,Mech,5,44,43,31,Edsgn,3,92,24,94
351,Elisa Hahn,owadge9r@surveymonkey.com,689,3579290143,Mech,4,19,65,52,Edsgn,3,81,89,27
364,Domenic Grant,nurquharta4@elpais.com,4423,1876898305,Mech,2,17,52,16,PHYS,6,69,88,62
369,Eliezer Wilkinson,bgrassota9@wufoo.com,58039,7855436910,Mech,4,54,5,69,PHYS,2,96,100,56
373,Domenica Ratke,ljansensad@slashdot.org,69706,1067392707,Mech,2,51,62,40,PHYS,5,3,78,2
374,Ilene Bashirian DVM,vkeepingae@eepurl.com,24964-0185,2373401867,Mech,8,78,17,56,Cap,4,39,15,51
376,Estefania Feest,kfenneag@twitpic.com,25144,8326378039,Mech,5,45,83,51,Edsgn,3,56,17,51
377,Hillary Satterfield,fblezardah@feedburner.com,96227-9676,9102721671,Mech,8,39,91,92,Cap,2,78,34,53
379,Dr. Henri Swift,lbarkeaj@mashable.com,11382,3212036007,Mech,2,24,74,18,PHYS,5,8,32,47
381,Gwendolyn Luettgen,groffeyal@msn.com,12387-8601,2524956447,Mech,7,35,22,37,Cap,2,13,67,82
383,Gudrun Rowe,ddurrandan@quantcast.com,15118,2556843699,Mech,7,5,35,73,Cap,1,33,30,23
391,Harmony McLaughlin DDS,kmctrustramav@cpanel.net,09225-6429,1334977907,Mech,7,78,29,63,Cap,2,51,34,7
393,Emmet Rath,cdensieax@github.io,07016-3335,2376100241,Mech,4,69,93,34,Edsgn,1,57,4,48
394,Ernestine Krajcik,gmitskevichay@is.gd,1980,8791374936,Mech,5,12,26,11,Edsgn,2,87,54,30
396,Geovanni Romaguera Jr.,eharmb0@cbslocal.com,11010-2511,3605477070,Mech,6,50,92,22,Edsgn,2,77,79,66
404,Franco Windler,wketteridgeb8@twitpic.com,64833-1444,7228338851,Mech,5,34,84,97,Edsgn,4,28,57,15
410,Filiberto Cole,dbilbreybe@statcounter.com,83304,7188192094,Mech,5,45,19,64,Edsgn,1,34,39,79
414,Heaven Howell,awabybi@census.gov,93076,1051879878,Mech,7,44,9,53,Cap,1,81,76,16
421,Devan Gleichner,dredfieldbp@1688.com,52467,3075621077,Mech,1,59,8,33,PHYS,3,32,24,79
422,Deondre Prohaska,dkeirlbq@jimdo.com,72457,2707199904,Mech,1,50,66,7,PHYS,3,78,98,42
429,Gerson Daugherty,jfreeburnbx@mail.ru,57831,3607604692,Mech,6,37,42,49,Edsgn,3,60,31,24
438,Darien Guªann,tlinkinc6@examiner.com,90160-4845,5572234284,Mech,1,40,86,91,PHYS,7,75,23,35
443,Gonzalo Rice,dstrangewaycb@statcounter.com,15349-9983,1965500558,Mech,6,13,95,30,Edsgn,2,2,51,53
444,Dr. Kaitlin Watsica,btomasinocc@freewebs.com,36890,1856380918,Mech,2,41,92,84,PHYS,2,92,29,71
445,Fredy Rutherford,gbudleighcd@usa.gov,23667-3765,5077345109,Mech,6,67,88,60,Edsgn,2,31,76,97
451,Henderson Conroy,lstallibrasscj@soundcloud.com,06299-5297,1365734473,Mech,7,16,6,67,Cap,3,71,87,45
452,Furman Anderson,rodonohueck@cargocollective.com,80316,6517035633,Mech,6,62,39,65,Edsgn,4,67,31,16
453,Flavio Ferry,dsebastiancl@tuttocitta.it,36603,9995348369,Mech,5,74,37,59,Edsgn,2,21,18,74
455,Gage Jenkins,npowiscn@webmd.com,72339-4338,9325961907,Mech,6,22,44,58,Edsgn,3,50,91,36
457,Dr. Keira Walter,cdohmercp@mysql.com,85622-8450,4984512141,Mech,2,92,29,47,PHYS,2,22,46,33
461,Grayce Haag,tmoarct@slashdot.org,75873-6699,6879072865,Mech,6,97,58,52,Edsgn,4,68,43,50
463,Golden Schimmel,kanglishcv@unc.edu,78043-6729,3273120930,Mech,6,18,9,92,Edsgn,3,9,54,15
464,Elton Boyle IV,aableycw@usatoday.com,10198-8525,7018501982,Mech,4,17,24,50,Edsgn,1,54,50,25
466,Dr. Thurman Hudson,lhansleycy@twitter.com,2947,2729963522,Mech,3,81,48,58,PHYS,5,1,46,82
473,Elwin Murazik Sr.,ecarniliand5@woothemes.com,13970-0655,9559806829,Mech,4,35,64,36,Edsgn,2,87,68,73
480,Herbert Hansen,rsadgrovedc@tiny.cc,57712,7793125058,Mech,7,28,5,64,Cap,4,8,85,39
481,Enid Harris,ddarbondd@xrea.com,79576,4307542971,Mech,4,36,13,12,Edsgn,1,29,12,66
482,Halle Mann,oolufsende@google.pl,41281,5087392372,Mech,7,22,88,43,Cap,3,69,43,91
485,Elian Quitzon,lmoutondh@comcast.net,17641,1914573503,Mech,4,97,86,33,PHYS,5,54,30,82
489,Holden Wilderman,rnosworthydl@jiathis.com,74940,6098024692,Mech,8,24,99,97,Cap,3,70,33,28
491,Ena Waelchi,htollmachedn@npr.org,40576-3292,3297388801,Mech,4,34,96,35,Edsgn,2,39,96,20
493,Enola Kub,zscrymgeourdp@indiatimes.com,86202,2602361602,Mech,4,49,37,32,Edsgn,4,6,94,25
504,Dr. Molly Hoeger,qlibrie0@digg.com,75710-3659,6029960378,Mech,3,70,43,61,PHYS,6,63,51,12
506,Ebba Runte Sr.,pleveringtone2@live.com,38292-0187,2356242950,Mech,3,56,12,35,PHYS,6,1,38,44
508,Elyse Wisoky,ahamore4@studiopress.com,65067,6042431281,Mech,4,19,15,35,Edsgn,1,91,60,49
509,Gabriella Pfannerstill,ldandye5@yolasite.com,68581-3712,7758186350,Mech,6,42,78,42,Edsgn,3,71,25,48
514,Dexter Hirthe Jr.,jdennesea@umn.edu,74280-3442,4375129991,Mech,1,69,28,27,PHYS,4,45,31,27
522,Edward Orn,oswinfenei@mail.ru,73111-6512,3048099356,Mech,3,47,67,13,PHYS,6,35,53,48
535,Darrel Armstrong,bgettoneev@1und1.de,82912-3198,5482921024,Mech,1,51,4,50,PHYS,2,74,46,94
542,Guiseppe Dooley,swedgbrowf2@slideshare.net,22046-1273,5023869994,Mech,7,63,89,15,Cap,4,68,90,42
545,Dion Mosciski,jsaurinf5@cyberchimps.com,78008,7048955791,Mech,1,13,96,63,PHYS,4,10,57,52
546,Dr. Josiane Herzog,jkerbeyf6@bravesites.com,30287-8060,9953422895,Mech,2,68,10,16,PHYS,4,36,56,4
550,Dorcas Gorczany,amatoninfa@paginegialle.it,21755,2419993359,Mech,2,7,52,36,PHYS,1,97,92,91
554,Ike Weissnat,cferrickfe@arstechnica.com,67962-6416,6093267961,Mech,8,79,7,62,Cap,1,36,20,72
558,Dayton Swaniawski,igirtfi@techcrunch.com,35415-0272,6022352024,Mech,1,49,61,27,PHYS,4,95,9,48
565,Dolly Schulist,ggrelkafp@forbes.com,32631-3068,3612110418,Mech,1,73,62,65,PHYS,3,47,94,56
567,Hallie Langworth,ssabanfr@baidu.com,43958-5323,1751640460,Mech,7,85,99,55,Cap,4,41,99,65
569,Deshaun Weissnat,gdarkerft@simplemachines.org,08626-6158,3998465170,Mech,1,61,28,7,PHYS,3,60,55,83
571,Frederique Torphy,htownendfv@gizmodo.com,39979-8908,9082556924,Mech,5,81,64,98,Edsgn,2,13,93,22
575,Flossie Schoen,bbrightlingfz@apache.org,31053-2702,1834427091,Mech,5,93,53,40,Edsgn,1,55,51,94
577,Dorris Schulist,ebrennansg1@trellian.com,24419-2774,4056753519,Mech,2,80,65,60,PHYS,3,81,24,27
579,Edwardo Stokes,alightbowng3@hao123.com,1650,1989505838,Mech,3,12,84,99,PHYS,1,65,5,27
581,Glennie Turcotte II,sfullung5@typepad.com,54935,3903973237,Mech,6,77,99,19,Edsgn,4,12,38,51
584,Dr. Casandra Walsh,acleminshawg8@linkedin.com,5370,6775617684,Mech,2,11,76,60,PHYS,1,96,46,92
585,Elenora Kessler,pcrozierg9@baidu.com,58235,4232844879,Mech,3,48,12,58,PHYS,6,95,91,43
588,Freda Goldner,rrichardotgc@abc.net.au,91928,7969800110,Mech,5,74,26,47,Edsgn,4,19,24,28
590,Dante Auer,sfaudriege@dropbox.com,87831,9771611214,Mech,1,18,12,68,PHYS,7,87,59,63
606,Flavie Stokes,egrowygu@google.nl,34458,9999216512,Mech,5,32,32,18,Edsgn,2,96,46,6
608,Eusebio Wuckert,atolchardegw@rambler.ru,46558,7024033901,Mech,5,22,77,94,Edsgn,1,12,43,56
619,Hassan Hagenes,rhewinsh7@edublogs.org,81859-7013,8868421161,Mech,7,38,95,46,Cap,3,50,82,56
624,Gerald Dibbert,cbandeyhc@unblog.fr,36367-7877,3638182203,Mech,6,90,10,99,Edsgn,1,41,50,29
633,Geraldine Hodkiewicz V,asendshl@jalbum.net,42042-1407,8126183383,Mech,6,66,9,72,Edsgn,1,44,79,39
637,Horace Bernier,jtiffanyhp@purevolume.com,54627-5159,1656692890,Mech,8,42,35,17,Cap,2,76,89,22
638,Dr. Luna Goldner,jwelbournhq@nytimes.com,74999-1750,3313599677,Mech,3,68,12,27,PHYS,4,34,90,25
645,Furman Wilkinson,ndelacourthx@github.com,16931-1248,9459253688,Mech,6,74,65,23,Edsgn,3,83,97,11
647,Gunnar Bogan,tmatteinihz@tuttocitta.it,53684-3208,6229031783,Mech,7,76,50,86,Cap,4,83,59,82
653,Ervin Davis,rkarlowiczi5@live.com,79517,5349337731,Mech,5,18,98,27,Edsgn,3,38,90,94
663,Elmira Robel Sr.,rmewsif@qq.com,26185-8048,9692326632,Mech,4,55,3,18,Edsgn,4,73,65,89
665,Erica Jewess,sshellshearih@prlog.org,64238-9820,6889985750,Mech,4,94,96,57,Edsgn,4,13,21,62
668,Garett Shields Jr.,mdawdaryik@dagondesign.com,05953-8973,4857836299,Mech,6,37,54,41,Edsgn,3,92,33,97
669,Dr. Morgan Sanford,mvernauil@amazonaws.com,91608,5717835950,Mech,3,65,49,21,PHYS,6,65,85,60
688,Florida Hoeger,gsparhawkj4@smugmug.com,43455,7246399973,Mech,5,31,51,26,Edsgn,2,62,30,18
694,Gerda Ritchie,ipretswellja@unicef.org,1395,9832226673,Mech,6,100,46,36,Edsgn,2,32,1,69
695,Henderson Morissette,pcoultassjb@vimeo.com,67360-7558,6697378039,Mech,7,80,18,73,Cap,3,53,73,60
703,Eleazar Greenholt,ssintonjj@epa.gov,45518-7096,7483898353,Mech,3,41,29,34,PHYS,7,30,87,83
709,Elinore Moen,amulmurayjp@bbb.org,27335,5032910141,Mech,4,38,9,66,Edsgn,1,89,79,28
716,Elwyn Gorczany,doveriljw@canalblog.com,19242-2984,7654831259,Mech,4,32,16,6,Edsgn,2,75,49,35
720,Donnie Conn,tvelezk0@list-manage.com,61047,8307741150,Mech,2,47,80,99,PHYS,7,37,27,100
726,Eugenia Osinski,jcappsk6@desdev.cn,88010-1285,5251707543,Mech,5,97,33,73,Edsgn,2,32,79,92
735,Emanuel Kris,psmidmorekf@vkontakte.ru,42656-1975,9229223328,Mech,4,79,98,10,Edsgn,3,47,42,90
737,Ida Blanda,tkarslakekh@rambler.ru,83510,6136801755,Mech,8,79,30,63,Cap,4,60,84,74
741,Dr. Lloyd Barrows,cthurbonkl@1688.com,51943-7634,8213636060,Mech,2,48,20,98,PHYS,3,20,30,59
753,Garnett Hessel,dadvanikx@oakley.com,54884,3037232532,Mech,6,76,100,64,Edsgn,1,60,7,69
756,Darwin Carroll IV,ghannigerl0@si.edu,80787-4715,5038370688,Mech,1,21,79,7,PHYS,4,85,49,24
757,Eda Marks,aelingtonl1@xing.com,15160,2953748438,Mech,3,17,30,15,PHYS,1,71,47,36
759,Doris Koch,tdougherl3@odnoklassniki.ru,74536,7223973774,Mech,2,86,91,21,PHYS,7,42,29,76
764,Greta Schowalter DDS,llaurensl8@aboutads.info,79144-9938,5001660406,Mech,6,61,38,39,Cap,2,89,14,4
769,Gayle Pollich,ktrippickld@statcounter.com,39617,7724695810,Mech,6,32,15,51,Edsgn,3,44,97,85
782,Enos Schulist,pfishbielq@xrea.com,00983-1112,4487314346,Mech,4,6,18,20,Edsgn,3,75,30,44
784,Domenica Schumm,cspavonls@utexas.edu,79945-7009,2449302816,Mech,2,46,40,98,PHYS,2,59,66,94
788,Eugenia Rath,wlittletonlw@google.fr,00679-7287,7405652189,Mech,5,5,53,53,Edsgn,4,28,22,80
795,Dr. Oscar Rath,rbuttwellm3@sourceforge.net,79482,3205800437,Mech,3,74,40,93,PHYS,6,13,44,66
802,Emmett Rodriguez,aballchinma@latimes.com,47397,6365893980,Mech,4,62,80,53,Edsgn,1,81,99,39
810,Dean Sporer,smorbeymi@ask.com,06416-6245,1888959336,Mech,1,11,100,69,PHYS,7,63,12,85
817,Dulce Gulgowski,ttreppasmp@google.co.uk,94794-4089,1632728641,Mech,3,54,56,63,PHYS,7,86,41,2
819,Deondre Rutherford,jlovingmr@purevolume.com,64293-0077,4886700802,Mech,1,96,23,22,PHYS,4,7,14,9
820,Ezequiel Ratke,haloshikinms@usnews.com,65203-6150,3623607060,Mech,5,7,84,72,Edsgn,2,4,45,83
823,Gaylord Collins DVM,mgoodreidmv@forbes.com,86545,7411804045,Mech,6,11,69,14,Edsgn,3,80,42,4
830,Darion Aufderhar II,alivingstonen2@google.co.uk,14360-1607,2827362887,Mech,1,75,75,7,PHYS,1,89,91,16
831,Gladyce Kertzmann,atinton3@biblegateway.com,65268-9133,7733603374,Mech,6,7,92,28,Edsgn,1,82,60,72
833,Hadley Stracke,yneevesn5@cmu.edu,37108,5424788355,Mech,7,30,56,72,Cap,4,63,59,92
845,Hattie Boehm,jkleinpeltznh@nymag.com,86167,2171196820,Mech,7,89,69,35,Cap,2,31,58,85
847,Harold Durgan,hopdenorthnj@wordpress.org,67686-0592,6067246263,Mech,7,18,92,3,Cap,2,46,24,58
848,Dr. Mariano Collier,cdonavannk@hud.gov,64985-5019,4901644120,Mech,3,67,11,87,PHYS,2,97,82,5
852,Esmeralda Smith IV,cstanbrono@cmu.edu,69257,5946547898,Mech,5,39,26,94,Edsgn,1,37,56,32
855,Emiliano McCullough,rmartinetsnr@furl.net,61549-9859,6141985661,Mech,4,7,15,4,Edsgn,3,48,49,11
857,Dr. Reagan Johnston,nvispont@shinystat.com,95298,3741108046,Mech,3,76,41,74,PHYS,6,63,87,25
859,Dianna Wehner,ephebeynv@nature.com,23211-8780,5154161177,Mech,1,100,48,70,PHYS,3,50,31,66
874,Deondre Hagenes,adanovichoa@zdnet.com,58880-2973,1944686185,Mech,1,80,87,32,PHYS,1,52,83,76
875,Electa VonRueden,emacieiczykob@usatoday.com,42461,2217595178,Mech,3,31,64,59,PHYS,3,67,26,65
877,Gudrun Ward PhD,efaleyod@sakura.ne.jp,13544-4444,2535015485,Mech,7,23,85,14,Cap,1,38,70,29
885,Dr. Reva Kuhic,nlacazeol@ocn.ne.jp,20251-3232,1791075870,Mech,3,34,22,14,PHYS,6,36,86,63
886,Deondre Harber,istrelitzom@webnode.com,43435,3255233375,Mech,1,81,23,28,PHYS,4,70,97,100
888,Doris Cremin,dangeroo@i2i.jp,30891,5173308262,Mech,2,44,57,72,PHYS,3,51,58,23
892,Fredrick Howell,tandryushinos@xing.com,40380,4767162118,Mech,6,33,48,42,Edsgn,4,18,33,82
895,Elnora Wilderman,bbernadotov@typepad.com,38036-4530,4533093860,Mech,4,53,75,86,Edsgn,1,74,3,67
896,Else Batz,lellsonow@redcross.org,65514-8972,7589323603,Mech,4,5,39,74,Edsgn,3,11,8,99
899,Forrest Ruecker PhD,emallettoz@washington.edu,87594-7838,1465709526,Mech,5,33,77,59,Edsgn,2,89,46,53
901,Eva Blanda,ndefontp1@sakura.ne.jp,66542-4706,8952374945,Mech,5,48,27,77,Edsgn,3,32,34,43
902,Edmond Effertz I,mclaigep2@merriam-webster.com,06204-5523,9493197032,Mech,3,38,23,75,PHYS,5,25,15,15
904,Etha Romaguera,vbaxp4@ifeng.com,47351,6066973002,Mech,5,24,85,2,Edsgn,4,59,90,37
918,Dr. Anabel Stoltenberg,libelpi@nymag.com,18270,8743080557,Mech,2,80,59,18,PHYS,5,30,16,12
920,Dolores Runolfsdottir DDS,fspellsworthpk@uol.com.br,42048-4879,4506486283,Mech,1,20,33,6,PHYS,3,3,29,34
928,Eliza Jacobi II,thilbourneps@lulu.com,30794-5401,6048602937,Mech,4,90,34,25,Edsgn,4,64,73,82
929,Dr. Foster Langosh,eblasgenpt@networksolutions.com,32768-2616,2272545136,Mech,2,19,18,65,PHYS,3,63,57,51
930,Dr. Sage Smitham,etrumpeterpu@youtu.be,15089,8287603239,Mech,3,24,2,3,PHYS,3,81,59,9
943,Halle Koepp,jrockhillq7@ameblo.jp,59096-7670,1178789787,Mech,7,20,77,87,Cap,2,42,90,100
944,Darien Gibson,ccaytonq8@china.com.cn,14601,1477909188,Mech,1,33,41,33,PHYS,2,70,89,53
946,Eldon Macejkovic,celgerqa@squidoo.com,55829,5645429189,Mech,3,5,43,83,PHYS,2,25,71,91
952,Gerry Kuvalis Jr.,brudsdaleqg@blogtalkradio.com,19865-8939,2711524985,Mech,6,66,32,35,Edsgn,1,53,86,29
953,Gregorio Cummings,sekellqh@mozilla.org,86815,9795267337,Mech,6,84,38,24,Cap,4,32,18,44
955,Dock Johns,smarwickqj@istockphoto.com,45152-5367,3706291577,Mech,1,19,35,32,PHYS,7,94,8,9
956,Hailee Runolfsson,nitzkovwichqk@yahoo.co.jp,03496-1900,8173171827,Mech,7,66,27,90,Cap,3,23,40,23
963,Flossie Bednar,hgresqr@51.la,5519,2543390057,Mech,5,24,50,68,Edsgn,2,90,66,78
967,Dr. Elton Green,gcesconiqv@skyrock.com,18670-4165,8123631542,Mech,2,11,73,72,PHYS,3,71,14,82
969,Florian Mante,htraskqx@wikipedia.org,71083-6248,5317437262,Mech,5,92,25,81,Edsgn,2,79,9,1
970,Frank Ryan,jquadriqy@sun.com,87505,7122157384,Mech,5,100,13,82,Edsgn,3,41,86,3
973,Dr. Lambert Jaskolski,beakeleyr1@macromedia.com,75436-5921,7719679541,Mech,2,4,49,83,PHYS,2,51,56,90
984,Darlene Flatley,sroddyrc@nature.com,17024,5429668226,Mech,1,46,54,96,PHYS,7,38,70,17
